Rəng,R,G,B,W,D
Red,2100,2966,2732,1733,4095
Red,2104,2966,2734,1733,4095
Red,2099,2964,2734,1731,4095
Red,2100,2964,2733,1730,4095
Red,2101,2968,2733,1730,4095
Red,2100,2966,2734,1728,4095
Red,2097,2967,2732,1729,4095
Red,2099,2965,2732,1728,4095
Red,2098,2963,2732,1728,4095
Red,2098,2965,2733,1727,4095
Red,2099,2963,2729,1727,4095
Red,2098,2967,2734,1726,4095
Red,2098,2964,2733,1727,4095
Red,2096,2963,2732,1725,4095
Red,2098,2966,2732,1726,4095
Red,2096,2961,2735,1725,4095
Red,2098,2964,2732,1725,4095
Red,2099,2966,2733,1725,4095
Red,2096,2966,2729,1725,4095
Red,2097,2965,2732,1726,4095
Red,2097,2967,2731,1725,4095
Red,2099,2965,2731,1725,4095
Red,2098,2965,2732,1728,4095
Red,2098,2964,2737,1726,4095
Red,2098,2965,2733,1727,4095
Red,2099,2969,2733,1727,4095
Red,2100,2964,2733,1729,4095
Red,2098,2966,2730,1729,4095
Red,2099,2967,2731,1729,4095
Red,2099,2964,2735,1730,4095
Red,2100,2966,2733,1730,4095
Red,2100,2966,2733,1732,4095
Red,2101,2965,2734,1733,4095
Red,2099,2964,2734,1729,4095
Red,2099,2971,2738,1729,4095
Red,2100,2966,2731,1730,4095
Red,2099,2966,2733,1728,4095
Red,2099,2965,2734,1731,4095
Red,2099,2967,2734,1732,4095
Red,2100,2966,2733,1730,4095
Red,2100,2966,2732,1731,4095
Red,2100,2967,2732,1733,4095
Red,2098,2966,2735,1732,4095
Red,2100,2964,2734,1734,4095
Red,2099,2966,2736,1732,4095
Red,2099,2966,2734,1730,4095
Red,2100,2967,2733,1733,4095
Red,2098,2966,2733,1733,4095
Red,2101,2965,2733,1731,4095
Red,2101,2969,2736,1735,4095
Red,2101,2967,2735,1736,4095
Red,2102,2967,2734,1734,4095
Red,2101,2968,2735,1736,4095
Red,2106,2968,2734,1735,4095
Red,2104,2968,2734,1735,4095
Red,2102,2968,2735,1735,4095
Red,2102,2967,2734,1732,4095
Red,2101,2967,2738,1734,4095
Red,2105,2969,2738,1747,4095
Red,2106,2970,2738,1745,4095
Red,2106,2970,2739,1746,4095
Red,2105,2968,2738,1746,4095
Red,2106,2969,2738,1746,4095
Red,2105,2968,2738,1742,4095
Red,2106,2969,2740,1743,4095
Red,2103,2969,2737,1746,4095
Red,2106,2968,2737,1743,4095
Red,2103,2968,2737,1745,4095
Red,2106,2967,2740,1746,4095
Red,2104,2968,2740,1746,4095
Red,2104,2969,2737,1746,4095
Red,2103,2968,2737,1742,4095
Red,2103,2969,2739,1744,4095
Red,2103,2969,2741,1744,4095
Red,2103,2967,2737,1742,4095
Red,2103,2969,2740,1743,4095
Red,2103,2970,2739,1743,4095
Red,2104,2969,2736,1744,4095
Red,2103,2969,2737,1743,4095
Red,2103,2970,2740,1741,4095
Red,2103,2972,2736,1742,4095
Red,2103,2969,2738,1743,4095
Red,2104,2974,2739,1741,4095
Red,2103,2968,2738,1742,4095
Red,2103,2969,2737,1741,4095
Red,2103,2965,2738,1741,4095
Red,2103,2967,2732,1742,4095
Red,2103,2970,2736,1742,4095
Red,2102,2970,2735,1741,4095
Red,2103,2967,2737,1742,4095
Red,2103,2968,2738,1742,4095
Red,2104,2968,2736,1743,4095
Red,2103,2969,2737,1741,4095
Red,2103,2967,2738,1741,4095
Red,2102,2968,2737,1741,4095
Red,2106,2968,2737,1740,4095
Red,2103,2968,2737,1742,4095
Red,2102,2968,2737,1743,4095
Red,2103,2960,2738,1742,4095
Red,2103,2970,2737,1743,4095
Red,2104,2967,2737,1741,4095
Red,2104,2969,2740,1743,4095
Red,2101,2969,2739,1742,4095
Red,2105,2971,2737,1742,4095
Red,2102,2970,2741,1742,4095
Red,2102,2968,2738,1741,4095
Red,2104,2969,2739,1742,4095
Red,2102,2970,2737,1742,4095
Red,2102,2968,2737,1740,4095
Red,2101,2967,2736,1742,4095
Red,2105,2968,2738,1741,4095
Red,2104,2969,2737,1741,4095
Red,2103,2967,2738,1745,4095
Red,2102,2969,2737,1743,4095
Red,2104,2969,2737,1743,4095
Red,2102,2969,2738,1741,4095
Red,2103,2969,2739,1743,4095
Red,2103,2968,2739,1742,4095
Red,2104,2969,2738,1742,4095
Red,2102,2970,2738,1741,4095
Red,2103,2968,2739,1742,4095
Red,2105,2971,2738,1742,4095
Red,2102,2973,2736,1742,4095
Red,2102,2969,2737,1743,4095
Red,2102,2970,2738,1741,4095
Red,2104,2968,2737,1743,4095
Red,2101,2971,2739,1741,4095
Red,2103,2971,2739,1742,4095
Red,2102,2971,2739,1743,4095
Red,2105,2970,2738,1742,4095
Red,2102,2969,2738,1742,4095
Red,2104,2969,2738,1742,4095
Red,2101,2970,2737,1743,4095
Red,2104,2970,2739,1742,4095
Red,2103,2969,2738,1743,4095
Red,2105,2968,2739,1742,4095
Red,2109,2969,2738,1737,4095
Red,2102,2969,2738,1743,4095
Red,2102,2969,2739,1742,4095
Red,2103,2970,2739,1743,4095
Red,2103,2970,2738,1744,4095
Red,2103,2970,2736,1744,4095
Red,2103,2969,2740,1742,4095
Red,2103,2970,2738,1743,4095
Red,2104,2970,2737,1745,4095
Red,2102,2969,2739,1745,4095
Red,2103,2970,2737,1742,4095
Red,2102,2970,2739,1741,4095
Red,2104,2969,2738,1741,4095
Red,2104,2969,2740,1741,4095
Red,2103,2966,2738,1741,4095
Red,2103,2966,2736,1741,4095
Red,2103,2969,2739,1743,4095
Red,2102,2969,2739,1742,4095
Red,2102,2968,2738,1742,4095
Red,2103,2969,2738,1741,4095
Red,2100,2969,2739,1742,4095
Red,2103,2968,2738,1741,4095
Red,2103,2969,2738,1741,4095
Red,2102,2969,2739,1741,4095
Red,2101,2968,2739,1741,4095
Red,2104,2970,2737,1744,4095
Red,2103,2970,2738,1740,4095
Red,2103,2969,2737,1743,4095
Red,2102,2970,2737,1741,4095
Red,2102,2969,2741,1742,4095
Red,2103,2969,2735,1741,4095
Red,2103,2969,2737,1739,4095
Red,2104,2969,2738,1743,4095
Red,2102,2968,2737,1742,4095
Red,2103,2968,2738,1741,4095
Red,2102,2968,2737,1740,4095
Red,2103,2969,2737,1741,4095
Red,2104,2968,2736,1742,4095
Red,2103,2970,2737,1741,4095
Red,2103,2971,2739,1741,4095
Red,2102,2969,2738,1742,4095
Red,2102,2968,2736,1741,4095
Red,2103,2969,2738,1742,4095
Red,2103,2970,2739,1742,4095
Red,2097,2974,2739,1741,4095
Red,2102,2970,2739,1740,4095
Red,2102,2970,2738,1741,4095
Red,2104,2969,2737,1741,4095
Red,2100,2970,2738,1742,4095
Red,2102,2969,2738,1742,4095
Red,2101,2968,2740,1743,4095
Red,2102,2969,2738,1740,4095
Red,2102,2968,2740,1742,4095
Red,2102,2969,2734,1741,4095
Red,2102,2969,2738,1740,4095
Red,2103,2970,2738,1740,4095
Red,2102,2969,2737,1740,4095
Red,2101,2968,2737,1741,4095
Red,2103,2968,2737,1741,4095
Red,2103,2970,2737,1741,4095
Red,2103,2968,2736,1743,4095
Red,2101,2968,2738,1740,4095
Red,2103,2971,2738,1742,4095
Red,2102,2970,2737,1742,4095
Red,2102,2970,2739,1740,4095
Red,2102,2970,2739,1741,4095
Red,2103,2968,2738,1742,4095
Red,2101,2970,2737,1741,4095
Red,2102,2969,2739,1740,4095
Red,2103,2966,2739,1741,4095
Red,2101,2970,2740,1741,4095
Red,2104,2971,2739,1742,4095
Red,2103,2970,2739,1741,4095
Red,2099,2969,2739,1741,4095
Red,2105,2969,2738,1741,4095
Red,2103,2968,2739,1741,4095
Red,2102,2968,2738,1740,4095
Red,2102,2969,2738,1741,4095
Red,2102,2969,2738,1740,4095
Red,2102,2967,2738,1741,4095
Red,2103,2970,2737,1742,4095
Red,2103,2969,2734,1742,4095
Red,2101,2969,2737,1739,4095
Red,2102,2970,2737,1742,4095
Red,2102,2966,2742,1741,4095
Red,2101,2971,2734,1741,4095
Red,2102,2969,2738,1739,4095
Red,2104,2967,2737,1740,4095
Red,2102,2968,2738,1741,4095
Red,2102,2968,2738,1742,4095
Red,2102,2969,2738,1740,4095
Red,2102,2970,2738,1740,4095
Red,2102,2968,2738,1741,4095
Red,2103,2970,2740,1741,4095
Red,2103,2967,2737,1740,4095
Red,2103,2972,2740,1740,4095
Red,2104,2967,2738,1743,4095
Red,2101,2971,2738,1741,4095
Red,2102,2969,2738,1740,4095
Red,2103,2968,2738,1741,4095
Red,2100,2967,2737,1739,4095
Red,2103,2969,2738,1739,4095
Red,2102,2969,2737,1740,4095
Red,2102,2968,2737,1742,4095
Red,2103,2967,2736,1742,4095
Red,2102,2967,2737,1741,4095
Red,2102,2968,2738,1741,4095
Red,2103,2968,2736,1741,4095
Red,2101,2970,2735,1743,4095
Red,2101,2967,2738,1740,4095
Red,2101,2968,2738,1739,4095
Red,2102,2969,2738,1740,4095
Red,2102,2969,2741,1739,4095
Red,2100,2969,2735,1743,4095
Red,2103,2967,2738,1742,4095
Red,2102,2966,2738,1741,4095
Red,2101,2965,2740,1741,4095
Red,2102,2967,2740,1739,4095
Red,2103,2969,2739,1741,4095
Red,2102,2968,2739,1740,4095
Red,2102,2966,2736,1740,4095
Red,2101,2968,2739,1741,4095
Red,2102,2970,2738,1741,4095
Red,2101,2968,2737,1740,4095
Red,2103,2971,2736,1741,4095
Red,2102,2968,2739,1741,4095
Red,2102,2968,2738,1741,4095
Red,2103,2969,2738,1741,4095
Red,2102,2970,2737,1740,4095
Red,2102,2967,2734,1741,4095
Red,2101,2970,2737,1741,4095
Red,2102,2969,2739,1741,4095
Red,2101,2970,2735,1740,4095
Red,2102,2966,2735,1740,4095
Red,2102,2965,2742,1741,4095
Red,2102,2968,2735,1741,4095
Red,2102,2970,2735,1741,4095
Red,2103,2969,2737,1741,4095
Red,2101,2971,2739,1741,4095
Red,2101,2971,2738,1741,4095
Red,2102,2975,2736,1741,4095
Red,2102,2969,2735,1740,4095
Red,2101,2970,2737,1740,4095
Red,2103,2967,2742,1742,4095
Red,2101,2969,2740,1742,4095
Red,2102,2969,2737,1740,4095
Red,2101,2967,2737,1740,4095
Red,2102,2967,2738,1740,4095
Red,2099,2968,2740,1740,4095
Red,2099,2969,2735,1743,4095
Red,2102,2970,2739,1741,4095
Red,2103,2970,2739,1740,4095
Red,2099,2969,2737,1743,4095
Red,2102,2969,2737,1739,4095
Red,2102,2968,2737,1742,4095
Red,2104,2967,2737,1743,4095
Red,2102,2969,2737,1742,4095
Red,2104,2970,2737,1740,4095
Red,2103,2968,2736,1739,4095
Red,2102,2969,2737,1740,4095
Red,2103,2968,2737,1741,4095
Red,2100,2968,2739,1740,4095
Red,2102,2970,2738,1741,4095
Red,2101,2969,2737,1741,4095
Red,2109,2967,2736,1740,4095
Red,2102,2968,2738,1740,4095
Red,2102,2969,2736,1739,4095
Red,2103,2969,2737,1741,4095
Red,2101,2969,2736,1739,4095
Red,2104,2971,2737,1741,4095
Red,2103,2969,2737,1740,4095
Red,2098,2969,2738,1739,4095
Red,2103,2968,2738,1739,4095
Red,2102,2968,2738,1741,4095
Red,2104,2968,2738,1740,4095
Red,2101,2970,2737,1741,4095
Red,2102,2968,2737,1741,4095
Red,2104,2967,2738,1741,4095
Red,2103,2969,2738,1740,4095
Red,2103,2969,2738,1741,4095
Red,2102,2967,2738,1741,4095
Red,2101,2972,2737,1740,4095
Red,2102,2969,2740,1740,4095
Red,2102,2970,2735,1738,4095
Red,2102,2968,2737,1741,4095
Red,2103,2970,2738,1740,4095
Red,2103,2968,2735,1740,4095
Red,2103,2970,2739,1741,4095
Red,2101,2968,2739,1741,4095
Red,2102,2970,2738,1741,4095
Red,2102,2967,2735,1740,4095
Red,2101,2968,2736,1740,4095
Red,2102,2968,2737,1740,4095
Red,2101,2969,2736,1740,4095
Red,2102,2969,2741,1740,4095
Red,2104,2966,2735,1741,4095
Red,2102,2969,2734,1739,4095
Red,2101,2968,2736,1741,4095
Red,2103,2970,2737,1739,4095
Red,2100,2972,2736,1740,4095
Red,2103,2965,2736,1741,4095
Red,2102,2968,2737,1740,4095
Red,2102,2967,2736,1741,4095
Red,2103,2969,2738,1741,4095
Red,2103,2969,2737,1741,4095
Red,2105,2969,2738,1738,4095
Red,2101,2969,2740,1743,4095
Red,2102,2969,2741,1739,4095
Red,2101,2968,2736,1742,4095
Red,2102,2969,2739,1740,4095
Red,2102,2970,2737,1740,4095
Red,2099,2970,2737,1740,4095
Red,2096,2969,2739,1738,4095
Red,2097,2968,2738,1741,4095
Red,2102,2969,2738,1740,4095
Red,2103,2970,2737,1743,4095
Red,2102,2970,2738,1741,4095
Red,2102,2969,2738,1739,4095
Red,2102,2971,2739,1741,4095
Red,2101,2969,2738,1740,4095
Red,2101,2968,2736,1743,4095
Red,2102,2970,2741,1741,4095
Red,2102,2970,2739,1741,4095
Red,2101,2967,2739,1743,4095
Red,2106,2970,2737,1740,4095
Red,2103,2969,2738,1740,4095
Red,2099,2969,2738,1739,4095
Red,2102,2968,2734,1740,4095
Red,2101,2969,2736,1740,4095
Red,2102,2970,2738,1740,4095
Red,2104,2970,2737,1741,4095
Red,2100,2969,2737,1741,4095
Red,2100,2971,2739,1740,4095
Red,2103,2970,2741,1741,4095
Red,2101,2968,2737,1741,4095
Red,2102,2971,2738,1741,4095
Red,2102,2968,2737,1740,4095
Red,2106,2969,2738,1739,4095
Red,2102,2969,2739,1741,4095
Red,2100,2969,2738,1742,4095
Red,2102,2968,2739,1740,4095
Red,2097,2972,2737,1741,4095
Red,2103,2968,2738,1741,4095
Red,2102,2969,2738,1740,4095
Red,2103,2970,2737,1742,4095
Red,2101,2966,2741,1739,4095
Red,2102,2970,2739,1740,4095
Red,2101,2970,2737,1740,4095
Red,2101,2969,2738,1739,4095
Red,2102,2968,2736,1740,4095
Red,2102,2969,2738,1737,4095
Red,2102,2968,2738,1740,4095
Red,2100,2968,2737,1739,4095
Red,2105,2969,2737,1741,4095
Red,2101,2971,2738,1741,4095
Red,2102,2970,2737,1741,4095
Red,2103,2970,2739,1740,4095
Red,2102,2969,2739,1740,4095
Red,2101,2970,2736,1740,4095
Red,2103,2970,2739,1741,4095
Red,2103,2968,2736,1740,4095
Red,2103,2968,2737,1739,4095
Red,2100,2968,2739,1742,4095
Red,2102,2967,2736,1738,4095
Red,2101,2970,2735,1739,4095
Red,2101,2966,2736,1740,4095
Red,2101,2967,2737,1740,4095
Red,2100,2969,2735,1738,4095
Red,2102,2966,2738,1739,4095
Red,2102,2969,2738,1739,4095
Red,2101,2967,2739,1740,4095
Red,2101,2965,2737,1739,4095
Red,2101,2967,2737,1740,4095
Red,2099,2968,2738,1738,4095
Red,2102,2970,2738,1742,4095
Red,2100,2969,2737,1739,4095
Red,2101,2967,2737,1740,4095
Red,2101,2971,2738,1740,4095
Red,2100,2968,2735,1739,4095
Red,2102,2968,2735,1741,4095
Red,2101,2968,2739,1741,4095
Red,2101,2968,2736,1739,4095
Red,2104,2975,2736,1741,4095
Red,2102,2968,2737,1739,4095
Red,2103,2968,2739,1739,4095
Red,2102,2969,2737,1739,4095
Red,2102,2968,2738,1740,4095
Red,2102,2968,2738,1740,4095
Red,2102,2969,2737,1739,4095
Red,2101,2969,2738,1741,4095
Red,2102,2967,2741,1740,4095
Red,2101,2967,2738,1741,4095
Red,2103,2969,2738,1740,4095
Red,2101,2968,2736,1742,4095
Red,2101,2968,2737,1740,4095
Red,2101,2970,2737,1740,4095
Red,2101,2969,2739,1740,4095
Red,2100,2969,2737,1740,4095
Red,2105,2969,2736,1741,4095
Red,2102,2968,2736,1739,4095
Red,2102,2969,2736,1740,4095
Red,2102,2968,2738,1740,4095
Red,2104,2969,2737,1739,4095
Red,2101,2969,2737,1740,4095
Red,2101,2967,2736,1738,4095
Red,2101,2967,2736,1740,4095
Red,2101,2970,2736,1740,4095
Red,2101,2968,2737,1741,4095
Red,2101,2967,2737,1740,4095
Red,2101,2969,2737,1740,4095
Red,2100,2971,2737,1740,4095
Red,2102,2966,2736,1740,4095
Red,2101,2968,2738,1740,4095
Red,2101,2972,2738,1742,4095
Red,2101,2970,2739,1737,4095
Red,2101,2971,2738,1740,4095
Red,2104,2965,2737,1742,4095
Red,2098,2969,2737,1742,4095
Red,2101,2967,2741,1745,4095
Red,2099,2968,2740,1739,4095
Red,2107,2970,2738,1739,4095
Red,2099,2967,2739,1739,4095
Red,2101,2968,2735,1739,4095
Red,2100,2969,2738,1740,4095
Red,2101,2966,2737,1741,4095
Red,2101,2969,2736,1740,4095
Red,2101,2965,2737,1735,4095
Red,2101,2967,2737,1740,4095
Red,2101,2970,2736,1740,4095
Red,2103,2966,2737,1740,4095
Red,2101,2968,2739,1740,4095
Red,2102,2969,2740,1741,4095
Red,2101,2967,2739,1740,4095
Red,2099,2967,2738,1739,4095
Red,2102,2970,2736,1740,4095
Red,2102,2968,2737,1742,4095
Red,2103,2967,2737,1741,4095
Red,2101,2968,2737,1739,4095
Red,2100,2969,2736,1738,4095
Red,2102,2968,2739,1740,4095
Red,2101,2967,2741,1739,4095
Red,2102,2969,2737,1739,4095
Red,2100,2969,2738,1746,4095
Red,2102,2966,2735,1743,4095
Red,2101,2969,2734,1740,4095
Red,2102,2968,2736,1739,4095
Red,2101,2967,2738,1740,4095
Red,2101,2968,2743,1741,4095
Red,2101,2970,2738,1740,4095
Red,2102,2967,2737,1741,4095
Red,2101,2971,2738,1741,4095
Red,2100,2968,2739,1741,4095
Red,2102,2969,2736,1738,4095
Red,2100,2967,2736,1739,4095
Red,2101,2968,2738,1740,4095
Red,2100,2969,2736,1739,4095
Red,2101,2968,2737,1740,4095
Red,2102,2969,2736,1740,4095
Red,2101,2968,2737,1740,4095
Red,2102,2967,2737,1739,4095
Red,2102,2969,2738,1740,4095
Red,2101,2970,2738,1741,4095
Red,2102,2970,2738,1741,4095
Red,2101,2963,2733,1740,4095
Red,2099,2969,2736,1740,4095
Red,2101,2971,2737,1740,4095
Red,2100,2967,2739,1742,4095
Red,2101,2968,2736,1740,4095
Red,2102,2969,2734,1740,4095
Red,2101,2973,2737,1741,4095
Red,2103,2969,2737,1740,4095
Red,2101,2969,2735,1739,4095
Red,2101,2968,2738,1741,4095
Red,2102,2967,2736,1739,4095
Red,2103,2965,2738,1742,4095
Red,2102,2968,2738,1740,4095
Red,2103,2966,2735,1742,4095
Red,2100,2969,2733,1746,4095
Red,2101,2971,2737,1739,4095
Red,2101,2969,2738,1740,4095
Red,2101,2967,2738,1741,4095
Red,2101,2967,2740,1742,4095
Red,2103,2967,2738,1741,4095
Red,2100,2967,2737,1740,4095
Red,2102,2970,2737,1739,4095
Red,2101,2967,2735,1744,4095
Red,2102,2969,2737,1740,4095
Red,2101,2969,2733,1738,4095
Red,2101,2968,2737,1740,4095
Red,2100,2968,2738,1737,4095
Red,2102,2969,2735,1737,4095
Red,2101,2972,2739,1736,4095
Red,2102,2969,2737,1740,4095
Red,2098,2968,2736,1741,4095
Red,2102,2968,2740,1740,4095
Red,2102,2972,2736,1740,4095
Red,2101,2969,2737,1739,4095
Red,2102,2970,2738,1740,4095
Red,2101,2968,2733,1738,4095
Red,2101,2968,2738,1740,4095
Red,2103,2967,2736,1740,4095
Red,2102,2968,2736,1739,4095
Red,2102,2969,2740,1741,4095
Red,2102,2967,2737,1741,4095
Red,2103,2968,2735,1740,4095
Red,2099,2968,2737,1740,4095
Red,2101,2970,2738,1739,4095
Red,2101,2971,2738,1739,4095
Red,2101,2968,2737,1740,4095
Red,2102,2968,2737,1740,4095
Red,2102,2969,2737,1738,4095
Red,2102,2969,2738,1740,4095
Red,2102,2968,2738,1740,4095
Red,2102,2969,2737,1740,4095
Red,2101,2969,2736,1740,4095
Red,2101,2968,2737,1740,4095
Red,2102,2968,2739,1736,4095
Red,2101,2968,2736,1738,4095
Red,2101,2967,2738,1740,4095
Red,2101,2967,2738,1740,4095
Red,2100,2969,2738,1740,4095
Red,2100,2968,2735,1737,4095
Red,2101,2966,2738,1741,4095
Red,2102,2970,2736,1740,4095
Red,2101,2967,2737,1740,4095
Red,2100,2967,2738,1739,4095
Red,2102,2967,2739,1738,4095
Red,2101,2969,2739,1736,4095
Red,2102,2966,2734,1740,4095
Red,2103,2968,2736,1741,4095
Red,2102,2967,2736,1739,4095
Red,2101,2968,2737,1739,4095
Red,2102,2967,2734,1743,4095
Red,2102,2970,2735,1740,4095
Red,2102,2972,2738,1741,4095
Red,2102,2968,2736,1739,4095
Red,2102,2968,2738,1740,4095
Red,2101,2967,2736,1740,4095
Red,2101,2970,2739,1740,4095
Red,2101,2969,2738,1740,4095
Red,2106,2968,2739,1740,4095
Red,2100,2966,2736,1740,4095
Red,2102,2968,2740,1740,4095
Red,2102,2969,2738,1740,4095
Red,2100,2967,2737,1740,4095
Red,2100,2966,2738,1744,4095
Red,2100,2966,2738,1739,4095
Red,2101,2967,2735,1741,4095
Red,2103,2965,2737,1740,4095
Red,2103,2969,2737,1739,4095
Red,2101,2968,2740,1740,4095
Red,2102,2969,2739,1742,4095
Red,2102,2966,2738,1740,4095
Red,2099,2970,2738,1741,4095
Red,2100,2969,2737,1741,4095
Red,2102,2968,2736,1738,4095
Red,2103,2968,2737,1739,4095
Red,2101,2966,2736,1740,4095
Red,2101,2968,2737,1740,4095
Red,2099,2966,2735,1737,4095
Red,2102,2965,2735,1741,4095
Red,2102,2968,2735,1740,4095
Red,2101,2969,2738,1740,4095
Red,2102,2970,2738,1741,4095
Red,2101,2968,2737,1741,4095
Red,2101,2970,2737,1742,4095
Red,2101,2969,2738,1740,4095
Red,2102,2970,2738,1736,4095
Red,2101,2971,2736,1741,4095
Red,2100,2969,2740,1742,4095
Red,2101,2969,2739,1741,4095
Red,2101,2970,2738,1742,4095
Red,2101,2969,2740,1742,4095
Red,2102,2970,2735,1740,4095
Red,2102,2967,2736,1741,4095
Red,2102,2968,2738,1741,4095
Red,2098,2969,2738,1741,4095
Red,2102,2970,2739,1743,4095
Red,2103,2969,2737,1739,4095
Red,2102,2970,2738,1744,4095
Red,2101,2969,2738,1741,4095
Red,2101,2969,2739,1742,4095
Red,2103,2970,2738,1741,4095
Red,2101,2969,2737,1739,4095
Red,2101,2969,2736,1742,4095
Red,2102,2970,2739,1740,4095
Red,2101,2969,2738,1741,4095
Red,2101,2967,2737,1740,4095
Red,2101,2964,2737,1740,4095
Red,2101,2969,2740,1743,4095
Red,2102,2970,2737,1739,4095
Red,2102,2969,2739,1741,4095
Red,2102,2968,2737,1741,4095
Red,2103,2968,2737,1742,4095
Red,2101,2973,2736,1740,4095
Red,2098,2969,2737,1740,4095
Red,2103,2971,2739,1739,4095
Red,2101,2968,2741,1737,4095
Red,2103,2971,2734,1739,4095
Red,2100,2968,2738,1740,4095
Red,2103,2968,2739,1741,4095
Red,2106,2969,2739,1743,4095
Red,2103,2970,2739,1740,4095
Red,2102,2969,2737,1740,4095
Red,2102,2973,2738,1741,4095
Red,2101,2966,2737,1740,4095
Red,2098,2969,2736,1741,4095
Red,2105,2968,2737,1738,4095
Red,2102,2970,2738,1743,4095
Red,2101,2969,2739,1739,4095
Red,2101,2965,2738,1741,4095
Red,2104,2970,2739,1741,4095
Red,2100,2969,2739,1741,4095
Red,2100,2967,2736,1740,4095
Red,2101,2968,2735,1740,4095
Red,2100,2970,2735,1740,4095
Red,2101,2968,2736,1741,4095
Red,2101,2968,2737,1742,4095
Red,2101,2969,2737,1740,4095
Red,2101,2969,2737,1740,4095
Red,2103,2970,2737,1741,4095
Red,2103,2968,2736,1740,4095
Red,2102,2969,2738,1741,4095
Red,2101,2967,2739,1739,4095
Red,2101,2967,2737,1740,4095
Red,2102,2966,2738,1740,4095
Red,2102,2970,2738,1741,4095
Red,2101,2969,2737,1741,4095
Red,2101,2967,2738,1738,4095
Red,2101,2972,2736,1739,4095
Red,2103,2968,2736,1741,4095
Red,2101,2971,2738,1740,4095
Red,2102,2968,2737,1741,4095
Red,2100,2966,2738,1740,4095
Red,2101,2969,2737,1738,4095
Red,2103,2970,2739,1738,4095
Red,2103,2970,2736,1742,4095
Red,2103,2971,2738,1741,4095
Red,2102,2971,2737,1741,4095
Red,2102,2969,2738,1741,4095
Red,2102,2968,2737,1741,4095
Red,2104,2968,2739,1744,4095
Red,2103,2969,2740,1742,4095
Red,2103,2969,2739,1741,4095
Red,2103,2967,2739,1741,4095
Red,2102,2969,2737,1741,4095
Red,2102,2969,2736,1741,4095
Red,2102,2969,2737,1741,4095
Red,2098,2966,2736,1741,4095
Red,2101,2969,2737,1739,4095
Red,2101,2968,2735,1742,4095
Red,2101,2969,2736,1740,4095
Red,2103,2972,2740,1739,4095
Red,2102,2966,2738,1741,4095
Red,2100,2968,2738,1741,4095
Red,2102,2968,2738,1738,4095
Red,2102,2969,2736,1740,4095
Red,2102,2972,2737,1741,4095
Red,2103,2969,2733,1742,4095
Red,2104,2969,2736,1741,4095
Red,2101,2964,2737,1741,4095
Red,2101,2968,2737,1741,4095
Red,2102,2969,2738,1738,4095
Red,2103,2968,2738,1743,4095
Red,2101,2968,2735,1742,4095
Red,2102,2964,2734,1740,4095
Red,2102,2969,2737,1741,4095
Red,2101,2969,2737,1741,4095
Red,2101,2967,2737,1740,4095
Red,2099,2969,2737,1739,4095
Red,2101,2969,2736,1741,4095
Red,2102,2968,2739,1741,4095
Red,2102,2968,2737,1741,4095
Red,2102,2969,2740,1740,4095
Red,2102,2966,2739,1740,4095
Red,2102,2967,2737,1740,4095
Red,2102,2969,2737,1741,4095
Red,2099,2969,2740,1740,4095
Red,2104,2967,2737,1740,4095
Red,2098,2967,2737,1739,4095
Red,2099,2967,2736,1741,4095
Red,2102,2968,2742,1742,4095
Red,2101,2968,2737,1741,4095
Red,2101,2966,2736,1741,4095
Red,2102,2967,2737,1741,4095
Red,2102,2968,2738,1740,4095
Red,2104,2968,2738,1740,4095
Red,2101,2970,2738,1740,4095
Red,2100,2968,2738,1741,4095
Red,2105,2968,2737,1741,4095
Red,2101,2969,2741,1741,4095
Red,2101,2969,2737,1737,4095
Red,2102,2969,2734,1741,4095
Red,2102,2968,2738,1741,4095
Red,2104,2969,2737,1740,4095
Red,2103,2971,2737,1741,4095
Red,2102,2969,2735,1741,4095
Red,2101,2968,2739,1739,4095
Red,2101,2969,2737,1740,4095
Red,2102,2969,2738,1742,4095
Red,2102,2968,2737,1744,4095
Red,2102,2969,2740,1741,4095
Red,2102,2968,2739,1742,4095
Red,2101,2968,2738,1741,4095
Red,2102,2969,2738,1741,4095
Red,2102,2970,2738,1741,4095
Red,2100,2970,2739,1743,4095
Red,2103,2968,2736,1740,4095
Red,2103,2970,2740,1740,4095
Red,2103,2970,2739,1741,4095
Red,2101,2969,2738,1742,4095
Red,2102,2969,2741,1743,4095
Red,2101,2970,2741,1741,4095
Red,2106,2968,2737,1741,4095
Red,2102,2975,2738,1743,4095
Red,2101,2968,2738,1742,4095
Red,2097,2969,2738,1741,4095
Red,2101,2970,2738,1740,4095
Red,2104,2971,2738,1741,4095
Red,2102,2967,2738,1743,4095
Red,2102,2971,2739,1741,4095
Red,2101,2968,2737,1741,4095
Red,2101,2970,2738,1741,4095
Red,2101,2970,2739,1741,4095
Red,2103,2970,2738,1741,4095
Red,2101,2969,2737,1742,4095
Red,2102,2969,2738,1741,4095
Red,2103,2970,2738,1741,4095
Red,2102,2969,2737,1741,4095
Red,2102,2968,2738,1742,4095
Red,2102,2969,2739,1742,4095
Red,2101,2969,2739,1742,4095
Red,2104,2966,2739,1742,4095
Red,2104,2969,2738,1741,4095
Red,2100,2970,2739,1741,4095
Red,2104,2970,2738,1742,4095
Red,2106,2969,2738,1737,4095
Red,2102,2968,2738,1742,4095
Red,2103,2969,2737,1742,4095
Red,2101,2969,2738,1741,4095
Red,2102,2969,2739,1741,4095
Red,2104,2968,2739,1742,4095
Red,2102,2969,2739,1744,4095
Red,2101,2966,2738,1741,4095
Red,2101,2968,2739,1741,4095
Red,2103,2971,2740,1741,4095
Red,2103,2971,2739,1742,4095
Red,2105,2972,2738,1742,4095
Red,2101,2972,2739,1741,4095
Red,2105,2970,2739,1742,4095
Red,2105,2970,2739,1742,4095
Red,2103,2970,2739,1742,4095
Red,2102,2969,2737,1737,4095
Red,2102,2970,2737,1743,4095
Red,2102,2967,2742,1741,4095
Red,2102,2969,2739,1740,4095
Red,2102,2969,2739,1741,4095
Red,2104,2969,2739,1742,4095
Red,2103,2967,2738,1742,4095
Red,2102,2969,2740,1742,4095
Red,2103,2968,2739,1743,4095
Red,2102,2968,2737,1741,4095
Red,2100,2973,2739,1742,4095
Red,2104,2974,2738,1741,4095
Red,2103,2969,2737,1741,4095
Red,2102,2971,2738,1742,4095
Red,2103,2969,2738,1744,4095
Red,2100,2970,2739,1742,4095
Red,2102,2971,2736,1743,4095
Red,2102,2970,2738,1739,4095
Red,2102,2969,2737,1742,4095
Red,2102,2968,2739,1742,4095
Red,2102,2971,2737,1742,4095
Red,2102,2967,2737,1741,4095
Red,2102,2971,2734,1742,4095
Red,2104,2971,2738,1741,4095
Red,2102,2971,2738,1742,4095
Red,2104,2968,2739,1742,4095
Red,2102,2970,2739,1741,4095
Red,2102,2970,2739,1742,4095
Red,2104,2969,2738,1742,4095
Red,2103,2969,2739,1743,4095
Red,2104,2968,2739,1742,4095
Red,2104,2971,2738,1743,4095
Red,2102,2971,2738,1739,4095
Red,2102,2969,2738,1742,4095
Red,2099,2970,2738,1740,4095
Red,2103,2969,2737,1743,4095
Red,2102,2969,2741,1741,4095
Red,2101,2969,2741,1741,4095
Red,2103,2969,2738,1742,4095
Red,2102,2969,2739,1743,4095
Red,2103,2973,2739,1742,4095
Red,2102,2968,2738,1741,4095
Red,2103,2968,2738,1741,4095
Red,2099,2969,2738,1742,4095
Red,2103,2967,2738,1741,4095
Red,2105,2973,2738,1742,4095
Red,2105,2970,2738,1741,4095
Red,2104,2969,2737,1744,4095
Red,2102,2970,2739,1745,4095
Red,2105,2971,2739,1743,4095
Red,2104,2970,2739,1740,4095
Red,2102,2970,2740,1739,4095
Red,2103,2970,2739,1740,4095
Red,2104,2970,2740,1742,4095
Red,2103,2971,2737,1743,4095
Red,2103,2968,2736,1740,4095
Red,2103,2973,2739,1742,4095
Red,2102,2967,2738,1742,4095
Red,2103,2967,2738,1742,4095
Red,2107,2972,2737,1742,4095
Red,2107,2970,2737,1744,4095
Red,2102,2968,2738,1743,4095
Red,2103,2970,2738,1742,4095
Red,2101,2969,2738,1742,4095
Red,2103,2969,2738,1742,4095
Red,2102,2968,2738,1742,4095
Red,2102,2970,2743,1741,4095
Red,2103,2970,2734,1743,4095
Red,2103,2970,2739,1742,4095
Red,2102,2970,2739,1743,4095
Red,2104,2969,2739,1746,4095
Red,2103,2969,2743,1740,4095
Red,2102,2969,2740,1740,4095
Red,2103,2969,2738,1743,4095
Red,2103,2968,2738,1743,4095
Red,2102,2969,2738,1742,4095
Red,2103,2972,2738,1742,4095
Red,2102,2972,2737,1741,4095
Red,2103,2974,2738,1742,4095
Red,2100,2968,2738,1743,4095
Red,2102,2970,2738,1742,4095
Red,2104,2968,2737,1743,4095
Red,2103,2970,2739,1743,4095
Red,2104,2970,2737,1743,4095
Red,2102,2968,2738,1741,4095
Red,2103,2968,2737,1742,4095
Red,2103,2971,2737,1742,4095
Red,2103,2970,2739,1743,4095
Red,2104,2969,2738,1741,4095
Red,2103,2969,2738,1743,4095
Red,2098,2970,2737,1745,4095
Red,2103,2969,2738,1742,4095
Red,2103,2970,2736,1745,4095
Red,2102,2969,2737,1741,4095
Red,2103,2969,2739,1743,4095
Red,2102,2969,2741,1744,4095
Red,2101,2970,2737,1739,4095
Red,2102,2969,2737,1741,4095
Red,2104,2969,2736,1744,4095
Red,2103,2971,2739,1744,4095
Red,2103,2969,2739,1741,4095
Red,2103,2968,2737,1740,4095
Red,2103,2971,2737,1740,4095
Red,2103,2971,2740,1743,4095
Red,2103,2972,2737,1743,4095
Red,2103,2972,2737,1743,4095
Red,2102,2967,2741,1742,4095
Red,2103,2973,2739,1743,4095
Red,2103,2967,2736,1742,4095
Red,2102,2967,2737,1743,4095
Red,2102,2969,2738,1743,4095
Red,2103,2966,2736,1742,4095
Red,2102,2968,2739,1742,4095
Red,2103,2970,2738,1742,4095
Red,2103,2968,2737,1743,4095
Red,2103,2969,2740,1742,4095
Red,2102,2974,2738,1741,4095
Red,2103,2968,2739,1743,4095
Red,2103,2969,2739,1741,4095
Red,2104,2969,2738,1742,4095
Red,2104,2970,2738,1742,4095
Red,2103,2969,2740,1742,4095
Red,2104,2970,2737,1743,4095
Red,2101,2964,2739,1743,4095
Red,2102,2968,2737,1742,4095
Red,2100,2969,2738,1743,4095
Red,2104,2969,2738,1742,4095
Red,2102,2969,2738,1743,4095
Red,2106,2969,2738,1742,4095
Red,2102,2969,2738,1742,4095
Red,2101,2970,2740,1741,4095
Red,2101,2969,2736,1743,4095
Red,2103,2968,2738,1742,4095
Red,2104,2968,2739,1744,4095
Red,2104,2970,2737,1742,4095
Red,2105,2970,2738,1741,4095
Red,2103,2968,2737,1741,4095
Red,2102,2966,2737,1741,4095
Red,2102,2970,2738,1742,4095
Red,2102,2971,2737,1742,4095
Red,2102,2969,2737,1742,4095
Red,2101,2967,2736,1742,4095
Red,2103,2969,2738,1743,4095
Red,2104,2969,2738,1742,4095
Red,2102,2968,2739,1742,4095
Red,2103,2967,2738,1744,4095
Red,2101,2969,2739,1742,4095
Red,2104,2970,2740,1742,4095
Red,2102,2969,2737,1742,4095
Red,2102,2967,2737,1742,4095
Red,2103,2970,2738,1742,4095
Red,2102,2975,2739,1744,4095
Red,2100,2968,2740,1742,4095
Red,2103,2968,2737,1743,4095
Red,2102,2970,2740,1743,4095
Red,2103,2969,2737,1742,4095
Red,2102,2970,2737,1742,4095
Red,2105,2969,2739,1743,4095
Red,2101,2969,2736,1739,4095
Red,2103,2969,2738,1742,4095
Red,2102,2969,2737,1744,4095
Red,2103,2969,2739,1741,4095
Red,2104,2969,2738,1742,4095
Red,2105,2969,2738,1744,4095
Red,2103,2970,2739,1742,4095
Red,2103,2968,2740,1746,4095
Red,2104,2969,2742,1743,4095
Red,2103,2970,2738,1744,4095
Red,2103,2969,2737,1744,4095
Red,2103,2969,2739,1743,4095
Red,2104,2970,2738,1743,4095
Red,2105,2968,2737,1742,4095
Red,2103,2970,2739,1742,4095
Red,2103,2969,2735,1742,4095
Red,2103,2969,2738,1742,4095
Red,2102,2968,2737,1743,4095
Red,2102,2971,2739,1743,4095
Red,2102,2970,2738,1743,4095
Red,2101,2969,2740,1744,4095
Red,2110,2972,2738,1743,4095
Red,2100,2968,2738,1744,4095
Red,2101,2970,2738,1743,4095
Red,2102,2970,2740,1742,4095
Red,2103,2969,2738,1743,4095
Red,2102,2969,2738,1742,4095
Red,2103,2970,2739,1744,4095
Red,2104,2970,2738,1742,4095
Red,2101,2969,2738,1744,4095
Red,2103,2968,2740,1740,4095
Red,2102,2970,2742,1741,4095
Red,2103,2969,2737,1742,4095
Red,2102,2968,2735,1742,4095
Red,2104,2969,2740,1746,4095
Red,2103,2969,2739,1742,4095
Red,2103,2970,2738,1744,4095
Red,2103,2970,2739,1744,4095
Red,2104,2969,2740,1743,4095
Red,2103,2969,2738,1743,4095
Red,2103,2971,2740,1742,4095
Red,2103,2970,2739,1742,4095
Red,2103,2968,2738,1743,4095
Red,2103,2969,2738,1743,4095
Red,2103,2968,2739,1743,4095
Red,2101,2967,2738,1743,4095
Red,2106,2968,2739,1742,4095
Red,2106,2965,2738,1743,4095
Red,2105,2971,2737,1744,4095
Red,2100,2968,2738,1744,4095
Red,2105,2969,2737,1742,4095
Red,2103,2969,2737,1740,4095
Red,2104,2970,2738,1744,4095
Red,2103,2970,2740,1744,4095
Red,2103,2974,2737,1745,4095
Red,2103,2971,2738,1743,4095
Red,2102,2971,2739,1742,4095
Red,2103,2971,2738,1743,4095
Red,2103,2968,2739,1742,4095
Red,2102,2969,2738,1743,4095
Red,2104,2969,2739,1741,4095
Red,2101,2970,2738,1744,4095
Red,2104,2969,2739,1744,4095
Red,2102,2970,2737,1743,4095
Red,2104,2972,2738,1742,4095
Red,2104,2971,2738,1745,4095
Red,2101,2971,2738,1744,4095
Red,2105,2970,2737,1743,4095
Red,2102,2966,2738,1744,4095
Red,2103,2970,2738,1743,4095
Red,2103,2968,2738,1744,4095
Red,2102,2969,2737,1742,4095
Red,2102,2968,2738,1742,4095
Red,2103,2969,2736,1744,4095
Red,2104,2971,2738,1743,4095
Red,2103,2968,2740,1744,4095
Red,2103,2969,2737,1744,4095
Red,2103,2969,2738,1743,4095
Red,2104,2969,2738,1744,4095
Red,2103,2970,2736,1743,4095
Red,2104,2969,2738,1743,4095
Red,2104,2969,2738,1744,4095
Red,2102,2967,2738,1744,4095
Red,2103,2970,2734,1741,4095
Red,2102,2969,2739,1748,4095
Red,2103,2970,2736,1743,4095
Red,2103,2970,2740,1741,4095
Red,2105,2967,2738,1744,4095
Red,2103,2971,2738,1743,4095
Red,2103,2970,2738,1743,4095
Red,2103,2969,2739,1742,4095
Red,2104,2969,2739,1743,4095
Red,2103,2970,2739,1743,4095
Red,2102,2970,2740,1743,4095
Red,2102,2970,2739,1743,4095
Red,2105,2970,2737,1747,4095
Red,2103,2968,2738,1743,4095
Red,2102,2969,2737,1742,4095
Red,2104,2970,2739,1743,4095
Red,2103,2968,2739,1743,4095
Red,2103,2969,2738,1743,4095
Red,2101,2969,2737,1743,4095
Red,2102,2969,2738,1745,4095
Red,2102,2969,2737,1744,4095
Red,2103,2969,2737,1742,4095
Red,2104,2970,2736,1744,4095
Red,2103,2970,2736,1742,4095
Red,2104,2969,2738,1746,4095
Red,2104,2970,2738,1744,4095
Red,2103,2967,2736,1744,4095
Red,2104,2970,2738,1749,4095
Red,2102,2968,2736,1744,4095
Red,2103,2970,2736,1743,4095
Red,2103,2967,2738,1743,4095
Red,2103,2968,2739,1744,4095
Red,2106,2973,2738,1744,4095
Red,2103,2970,2739,1744,4095
Red,2103,2969,2738,1743,4095
Red,2103,2970,2736,1744,4095
Red,2103,2969,2738,1743,4095
Red,2103,2971,2740,1743,4095
Red,2106,2968,2737,1742,4095
Red,2102,2968,2737,1743,4095
Red,2103,2967,2738,1745,4095
Red,2103,2970,2739,1742,4095
Red,2102,2970,2736,1743,4095
Red,2103,2966,2737,1744,4095
Red,2102,2972,2737,1743,4095
Red,2102,2970,2739,1742,4095
Red,2100,2969,2738,1742,4095
Red,2103,2970,2736,1743,4095
Red,2103,2969,2736,1743,4095
Red,2102,2971,2739,1743,4095
Red,2101,2969,2739,1742,4095
Red,2105,2971,2738,1738,4095
Red,2102,2968,2740,1743,4095
Red,2103,2968,2734,1742,4095
Red,2103,2967,2736,1742,4095
Red,2103,2968,2740,1743,4095
Red,2101,2968,2736,1744,4095
Red,2102,2968,2738,1745,4095
Red,2103,2970,2738,1743,4095
Red,2103,2967,2735,1742,4095
Red,2103,2969,2738,1744,4095
Red,2103,2969,2738,1744,4095
Red,2104,2969,2737,1744,4095
Red,2103,2969,2738,1743,4095
Red,2102,2970,2738,1742,4095
Red,2103,2970,2736,1740,4095
Red,2103,2969,2738,1743,4095
Red,2102,2967,2740,1742,4095
Red,2103,2969,2739,1742,4095
Red,2103,2968,2738,1743,4095
Red,2104,2969,2738,1740,4095
Red,2103,2969,2736,1742,4095
Red,2105,2969,2737,1743,4095
Red,2106,2969,2738,1744,4095
Red,2103,2968,2740,1744,4095
Red,2103,2971,2738,1743,4095
Red,2103,2969,2742,1743,4095
Red,2103,2970,2738,1745,4095
Red,2109,2972,2740,1744,4095
Red,2104,2969,2739,1742,4095
Red,2104,2971,2740,1742,4095
Red,2103,2973,2738,1744,4095
Red,2104,2969,2737,1743,4095
Red,2105,2968,2738,1743,4095
Red,2103,2969,2739,1744,4095
Red,2102,2968,2738,1742,4095
Red,2105,2969,2739,1742,4095
Red,2104,2969,2739,1743,4095
Red,2103,2969,2738,1744,4095
Red,2103,2970,2737,1743,4095
Red,2102,2965,2738,1743,4095
Red,2106,2969,2738,1742,4095
Red,2103,2969,2734,1742,4095
Red,2102,2971,2738,1743,4095
Red,2100,2967,2739,1742,4095
Red,2101,2968,2737,1741,4095
Red,2104,2970,2735,1748,4095
Red,2103,2968,2739,1742,4095
Red,2102,2969,2736,1744,4095
Red,2103,2969,2740,1747,4095
Red,2102,2968,2736,1741,4095
Red,2103,2968,2736,1743,4095
Red,2101,2969,2738,1742,4095
Red,2102,2968,2737,1742,4095
Red,2103,2968,2736,1743,4095
Red,2102,2970,2738,1743,4095
Red,2101,2968,2737,1741,4095
Red,2104,2969,2737,1743,4095
Red,2103,2971,2739,1743,4095
Red,2100,2970,2738,1742,4095
Red,2103,2968,2737,1744,4095
Red,2102,2968,2738,1740,4095
Red,2102,2969,2737,1742,4095
Red,2102,2967,2738,1742,4095
Red,2103,2969,2738,1742,4095
Red,2103,2968,2738,1742,4095
Red,2103,2969,2739,1745,4095
Red,2103,2966,2739,1742,4095
Red,2103,2973,2738,1742,4095
Red,2103,2970,2739,1742,4095
Red,2103,2970,2738,1742,4095
Red,2102,2968,2742,1743,4095
Red,2102,2971,2738,1742,4095
Red,2105,2968,2738,1743,4095
Red,2101,2968,2737,1744,4095
Red,2101,2969,2738,1741,4095
Red,2103,2969,2739,1742,4095
Red,2101,2969,2737,1739,4095
Red,2101,2966,2736,1742,4095
Red,2102,2974,2736,1741,4095
Red,2102,2968,2738,1742,4095
Red,2101,2967,2740,1741,4095
Red,2103,2969,2739,1742,4095
Red,2102,2971,2737,1741,4095
Red,2105,2970,2737,1740,4095
Red,2102,2969,2737,1743,4095
Red,2103,2969,2737,1742,4095
Red,2102,2970,2736,1741,4095
Red,2103,2969,2738,1742,4095
Red,2102,2969,2737,1740,4095
Red,2102,2969,2738,1741,4095
Red,2100,2967,2737,1741,4095
Red,2101,2970,2737,1744,4095
Red,2103,2970,2738,1741,4095
Red,2100,2967,2737,1741,4095
Red,2102,2969,2736,1741,4095
Red,2102,2969,2736,1738,4095
Red,2103,2967,2738,1741,4095
Red,2100,2969,2737,1742,4095
Red,2100,2970,2736,1743,4095
Red,2102,2967,2737,1742,4095
Red,2104,2969,2738,1741,4095
Red,2102,2971,2740,1740,4095
Red,2100,2969,2737,1741,4095
Red,2100,2971,2737,1740,4095
Red,2102,2970,2739,1741,4095
Red,2102,2971,2738,1742,4095
Red,2100,2970,2738,1741,4095
Red,2103,2970,2740,1745,4095
Red,2102,2967,2737,1741,4095
Red,2101,2969,2739,1740,4095
Red,2103,2969,2737,1739,4095
Red,2101,2971,2738,1742,4095
Red,2103,2970,2738,1740,4095
Red,2101,2968,2737,1741,4095
Red,2102,2970,2737,1740,4095
Red,2103,2968,2737,1741,4095
Red,2103,2969,2738,1743,4095
Red,2101,2966,2737,1741,4095
Red,2102,2972,2738,1740,4095
Red,2102,2969,2740,1740,4095
Red,2102,2971,2737,1741,4095
Red,2100,2969,2738,1742,4095
Red,2101,2969,2739,1739,4095
Red,2103,2970,2737,1740,4095
Red,2104,2969,2736,1740,4095
Red,2102,2969,2742,1742,4095
Red,2102,2969,2738,1741,4095
Red,2102,2970,2738,1739,4095
Red,2102,2972,2737,1744,4095
Red,2102,2968,2739,1742,4095
Red,2103,2969,2738,1741,4095
Red,2103,2971,2739,1741,4095
Red,2102,2971,2739,1741,4095
Red,2102,2968,2738,1740,4095
Red,2101,2967,2739,1741,4095
Red,2101,2969,2737,1741,4095
Red,2099,2969,2736,1739,4095
Red,2101,2969,2737,1741,4095
Red,2101,2966,2739,1739,4095
Red,2102,2968,2739,1740,4095
Red,2101,2968,2738,1739,4095
Red,2101,2970,2740,1738,4095
Red,2100,2966,2736,1739,4095
Red,2105,2970,2736,1740,4095
Red,2101,2968,2738,1740,4095
Red,2101,2969,2737,1739,4095
Red,2102,2968,2735,1740,4095
Red,2101,2969,2738,1741,4095
Red,2102,2969,2738,1740,4095
Red,2100,2969,2737,1739,4095
Red,2101,2971,2736,1740,4095
Red,2102,2967,2737,1741,4095
Red,2099,2971,2738,1741,4095
Red,2101,2969,2737,1739,4095
Red,2102,2968,2737,1741,4095
Red,2099,2959,2735,1741,4095
Red,2105,2968,2736,1741,4095
Red,2101,2969,2738,1740,4095
Red,2102,2967,2737,1739,4095
Red,2100,2971,2737,1742,4095
Red,2102,2969,2738,1742,4095
Red,2102,2969,2739,1740,4095
Red,2101,2969,2738,1740,4095
Red,2101,2969,2736,1739,4095
Red,2101,2968,2737,1739,4095
Red,2101,2968,2737,1740,4095
Red,2102,2970,2738,1739,4095
Red,2102,2969,2737,1740,4095
Red,2102,2969,2738,1741,4095
Red,2100,2968,2736,1739,4095
Red,2102,2968,2736,1740,4095
Red,2102,2969,2737,1739,4095
Red,2099,2969,2739,1740,4095
Red,2101,2968,2738,1737,4095
Red,2101,2971,2738,1739,4095
Red,2102,2971,2738,1739,4095
Red,2102,2968,2736,1739,4095
Red,2101,2965,2737,1740,4095
Red,2102,2970,2738,1740,4095
Red,2102,2969,2739,1737,4095
Red,2102,2970,2735,1739,4095
Red,2100,2969,2736,1739,4095
Red,2102,2967,2737,1741,4095
Red,2102,2967,2737,1739,4095
Red,2102,2969,2738,1740,4095
Red,2101,2967,2737,1738,4095
Red,2100,2973,2739,1741,4095
Red,2101,2968,2737,1739,4095
Red,2101,2969,2738,1739,4095
Red,2101,2970,2737,1740,4095
Red,2099,2968,2738,1740,4095
Red,2101,2968,2744,1742,4095
Red,2100,2965,2736,1740,4095
Red,2101,2968,2737,1739,4095
Red,2101,2969,2736,1741,4095
Red,2101,2966,2737,1739,4095
Red,2103,2968,2737,1739,4095
Red,2102,2967,2737,1741,4095
Red,2102,2965,2737,1740,4095
Red,2099,2969,2738,1740,4095
Red,2103,2970,2738,1742,4095
Red,2100,2965,2735,1738,4095
Red,2100,2966,2737,1740,4095
Red,2101,2967,2736,1740,4095
Red,2102,2971,2737,1739,4095
Red,2102,2968,2737,1739,4095
Red,2102,2970,2738,1737,4095
Red,2102,2969,2737,1740,4095
Red,2102,2967,2737,1740,4095
Red,2102,2969,2737,1744,4095
Red,2103,2967,2737,1739,4095
Red,2103,2969,2738,1740,4095
Red,2102,2969,2736,1740,4095
Red,2101,2968,2738,1739,4095
Red,2101,2970,2738,1741,4095
Red,2102,2969,2738,1740,4095
Red,2102,2969,2738,1740,4095
Red,2102,2969,2738,1740,4095
Red,2102,2968,2739,1740,4095
Red,2100,2970,2736,1740,4095
Red,2102,2969,2739,1739,4095
Red,2102,2970,2735,1740,4095
Red,2099,2968,2737,1739,4095
Red,2101,2970,2734,1741,4095
Red,2101,2970,2736,1740,4095
Red,2103,2968,2736,1739,4095
Red,2101,2970,2740,1739,4095
Red,2103,2973,2738,1741,4095
Red,2101,2969,2736,1740,4095
Red,2102,2970,2737,1741,4095
Red,2102,2968,2737,1737,4095
Red,2102,2969,2737,1740,4095
Red,2100,2969,2738,1739,4095
Red,2101,2971,2739,1741,4095
Red,2102,2970,2739,1739,4095
Red,2103,2966,2737,1739,4095
Red,2100,2969,2736,1738,4095
Red,2101,2968,2737,1741,4095
Red,2102,2969,2736,1740,4095
Red,2100,2969,2737,1740,4095
Red,2101,2969,2738,1741,4095
Red,2101,2967,2738,1740,4095
Red,2101,2968,2737,1739,4095
Red,2102,2968,2738,1741,4095
Red,2101,2968,2739,1742,4095
Red,2101,2970,2737,1740,4095
Red,2103,2970,2737,1739,4095
Red,2101,2969,2737,1741,4095
Red,2100,2970,2741,1740,4095
Red,2101,2968,2737,1740,4095
Red,2100,2967,2736,1739,4095
Red,2103,2968,2737,1736,4095
Red,2101,2967,2736,1739,4095
Red,2100,2968,2739,1739,4095
Red,2099,2968,2738,1739,4095
Red,2101,2968,2737,1741,4095
Red,2101,2969,2738,1741,4095
Red,2101,2969,2738,1735,4095
Red,2100,2970,2737,1740,4095
Red,2098,2971,2737,1739,4095
Red,2098,2969,2736,1739,4095
Red,2101,2968,2737,1739,4095
Red,2101,2969,2738,1739,4095
Red,2102,2968,2736,1740,4095
Red,2102,2969,2736,1740,4095
Red,2102,2968,2737,1740,4095
Red,2101,2969,2736,1739,4095
Red,2101,2970,2737,1740,4095
Red,2100,2968,2736,1739,4095
Red,2101,2969,2738,1738,4095
Red,2102,2968,2738,1738,4095
Red,2101,2969,2736,1739,4095
Red,2101,2969,2736,1737,4095
Red,2101,2970,2739,1741,4095
Red,2100,2970,2739,1739,4095
Red,2101,2971,2738,1739,4095
Red,2102,2968,2737,1742,4095
Red,2101,2970,2738,1739,4095
Red,2101,2971,2738,1739,4095
Red,2101,2968,2735,1738,4095
Red,2098,2966,2737,1739,4095
Red,2100,2969,2737,1742,4095
Red,2102,2968,2737,1737,4095
Red,2099,2968,2735,1738,4095
Red,2101,2969,2736,1737,4095
Red,2100,2968,2737,1737,4095
Red,2103,2969,2736,1737,4095
Red,2100,2968,2738,1739,4095
Red,2098,2968,2737,1737,4095
Red,2102,2969,2735,1737,4095
Red,2097,2968,2737,1739,4095
Red,2097,2969,2737,1735,4095
Red,2101,2969,2737,1738,4095
Red,2100,2966,2737,1736,4095
Red,2097,2967,2737,1738,4095
Red,2101,2968,2738,1738,4095
Red,2099,2970,2737,1739,4095
Red,2100,2969,2734,1736,4095
Red,2100,2966,2736,1738,4095
Red,2099,2972,2737,1735,4095
Red,2100,2969,2736,1734,4095
Red,2100,2968,2738,1736,4095
Red,2100,2968,2736,1737,4095
Red,2099,2966,2736,1737,4095
Red,2098,2967,2737,1736,4095
Red,2100,2968,2735,1738,4095
Red,2099,2967,2738,1736,4095
Red,2099,2969,2735,1737,4095
Red,2101,2966,2733,1737,4095
Red,2098,2968,2736,1737,4095
Red,2096,2967,2738,1734,4095
Red,2100,2967,2737,1737,4095
Red,2100,2968,2738,1738,4095
Red,2101,2970,2736,1738,4095
Red,2096,2967,2736,1736,4095
Red,2100,2968,2736,1737,4095
Red,2100,2967,2735,1738,4095
Red,2100,2966,2736,1737,4095
Red,2102,2966,2736,1737,4095
Red,2100,2967,2736,1737,4095
Red,2100,2967,2736,1736,4095
Red,2102,2967,2735,1735,4095
Red,2097,2966,2736,1737,4095
Red,2100,2967,2735,1737,4095
Red,2099,2966,2739,1735,4095
Red,2099,2968,2735,1737,4095
Red,2100,2968,2736,1737,4095
Red,2101,2967,2736,1737,4095
Red,2099,2967,2736,1736,4095
Red,2101,2969,2734,1739,4095
Red,2100,2967,2737,1739,4095
Red,2100,2966,2734,1737,4095
Red,2098,2966,2736,1737,4095
Red,2100,2967,2736,1737,4095
Red,2100,2967,2735,1737,4095
Red,2100,2967,2738,1738,4095
Red,2098,2967,2735,1736,4095
Red,2099,2967,2737,1737,4095
Red,2100,2968,2736,1737,4095
Red,2097,2968,2736,1737,4095
Red,2098,2968,2735,1736,4095
Red,2100,2968,2736,1734,4095
Red,2100,2968,2734,1736,4095
Red,2099,2968,2737,1734,4095
Red,2099,2972,2735,1737,4095
Red,2100,2966,2736,1737,4095
Red,2098,2971,2737,1737,4095
Red,2098,2968,2736,1736,4095
Red,2099,2968,2736,1739,4095
Red,2101,2968,2737,1736,4095
Red,2100,2967,2737,1738,4095
Red,2099,2967,2734,1738,4095
Red,2100,2967,2740,1736,4095
Red,2100,2968,2736,1736,4095
Red,2101,2969,2735,1737,4095
Red,2098,2968,2736,1736,4095
Red,2099,2966,2735,1735,4095
Red,2100,2967,2736,1736,4095
Red,2099,2966,2733,1734,4095
Red,2099,2967,2737,1737,4095
Red,2099,2967,2738,1735,4095
Red,2098,2967,2733,1734,4095
Red,2097,2965,2735,1736,4095
Red,2097,2967,2736,1736,4095
Red,2099,2969,2734,1736,4095
Red,2097,2968,2736,1736,4095
Red,2099,2967,2735,1736,4095
Red,2100,2968,2736,1732,4095
Red,2099,2966,2738,1733,4095
Red,2099,2966,2735,1736,4095
Red,2099,2969,2738,1737,4095
Red,2099,2967,2736,1735,4095
Red,2099,2968,2737,1736,4095
Red,2099,2967,2735,1737,4095
Red,2098,2967,2735,1737,4095
Red,2099,2968,2731,1737,4095
Red,2100,2968,2735,1737,4095
Red,2099,2962,2737,1737,4095
Red,2100,2969,2737,1737,4095
Red,2100,2968,2736,1738,4095
Red,2100,2967,2737,1736,4095
Red,2101,2968,2738,1740,4095
Red,2100,2968,2736,1743,4095
Red,2100,2968,2741,1738,4095
Red,2101,2970,2734,1738,4095
Red,2101,2965,2736,1739,4095
Red,2102,2966,2737,1738,4095
Red,2101,2969,2736,1739,4095
Red,2101,2968,2737,1738,4095
Red,2102,2968,2736,1740,4095
Red,2101,2970,2739,1740,4095
Red,2102,2968,2738,1738,4095
Red,2102,2969,2739,1740,4095
Red,2101,2971,2739,1740,4095
Red,2104,2966,2738,1741,4095
Red,2100,2968,2737,1741,4095
Red,2099,2969,2737,1740,4095
Red,2103,2970,2737,1739,4095
Red,2101,2970,2739,1740,4095
Red,2103,2967,2734,1741,4095
Red,2102,2970,2736,1741,4095
Red,2101,2969,2738,1741,4095
Red,2100,2969,2739,1740,4095
Red,2102,2967,2737,1741,4095
Red,2098,2969,2737,1741,4095
Red,2104,2969,2738,1742,4095
Red,2102,2969,2737,1741,4095
Red,2102,2969,2736,1743,4095
Red,2102,2969,2735,1741,4095
Red,2102,2968,2739,1742,4095
Red,2101,2969,2737,1742,4095
Red,2101,2969,2738,1743,4095
Red,2102,2969,2736,1741,4095
Red,2103,2970,2738,1741,4095
Red,2102,2969,2741,1743,4095
Red,2102,2968,2737,1741,4095
Red,2102,2970,2735,1743,4095
Red,2102,2970,2737,1742,4095
Red,2102,2968,2741,1742,4095
Red,2101,2967,2737,1741,4095
Red,2103,2969,2738,1741,4095
Red,2102,2966,2739,1740,4095
Red,2102,2970,2741,1744,4095
Red,2102,2967,2738,1741,4095
Red,2102,2970,2740,1740,4095
Red,2102,2968,2735,1741,4095
Red,2102,2968,2736,1742,4095
Red,2102,2968,2737,1741,4095
Red,2101,2967,2737,1741,4095
Red,2104,2970,2736,1743,4095
Red,2103,2969,2738,1742,4095
Red,2103,2969,2738,1742,4095
Red,2101,2968,2737,1740,4095
Red,2103,2969,2739,1742,4095
Red,2102,2970,2736,1743,4095
Red,2102,2969,2739,1741,4095
Red,2101,2969,2741,1741,4095
Red,2101,2970,2738,1741,4095
Red,2103,2971,2739,1742,4095
Red,2102,2970,2736,1741,4095
Red,2102,2969,2737,1740,4095
Red,2103,2972,2736,1741,4095
Red,2101,2968,2738,1741,4095
Red,2102,2968,2737,1739,4095
Red,2103,2969,2737,1740,4095
Red,2102,2968,2735,1739,4095
Red,2102,2967,2738,1739,4095
Red,2101,2969,2737,1741,4095
Red,2103,2967,2737,1740,4095
Red,2101,2970,2737,1740,4095
Red,2099,2969,2737,1740,4095
Red,2100,2968,2737,1740,4095
Red,2102,2968,2737,1738,4095
Red,2103,2968,2734,1741,4095
Red,2100,2967,2735,1740,4095
Red,2100,2968,2733,1741,4095
Red,2101,2968,2736,1740,4095
Red,2104,2968,2737,1740,4095
Red,2102,2971,2739,1742,4095
Red,2102,2968,2738,1739,4095
Red,2099,2971,2736,1742,4095
Red,2103,2969,2736,1741,4095
Red,2102,2968,2735,1736,4095
Red,2102,2968,2740,1740,4095
Red,2102,2969,2740,1741,4095
Red,2103,2969,2738,1741,4095
Red,2103,2970,2738,1742,4095
Red,2102,2969,2737,1740,4095
Red,2101,2968,2737,1739,4095
Red,2100,2969,2738,1740,4095
Red,2102,2968,2733,1739,4095
Red,2101,2968,2734,1742,4095
Red,2099,2970,2739,1740,4095
Red,2101,2967,2735,1739,4095
Red,2100,2967,2736,1739,4095
Red,2101,2966,2736,1738,4095
Red,2101,2969,2737,1738,4095
Red,2098,2968,2736,1739,4095
Red,2101,2970,2738,1740,4095
Red,2101,2969,2737,1740,4095
Red,2102,2968,2738,1739,4095
Red,2101,2969,2737,1740,4095
Red,2102,2969,2738,1739,4095
Red,2102,2967,2738,1741,4095
Red,2101,2966,2736,1740,4095
Red,2101,2963,2738,1740,4095
Red,2102,2967,2738,1740,4095
Red,2102,2968,2738,1742,4095
Red,2103,2969,2740,1741,4095
Red,2105,2970,2737,1744,4095
Red,2107,2970,2740,1746,4095
Red,2104,2970,2739,1746,4095
Red,2104,2969,2740,1745,4095
Red,2106,2970,2739,1746,4095
Red,2103,2970,2738,1744,4095
Red,2107,2969,2738,1742,4095
Red,2104,2969,2743,1747,4095
Red,2104,2970,2740,1744,4095
Red,2104,2971,2739,1747,4095
Red,2104,2971,2739,1746,4095
Red,2103,2969,2739,1746,4095
Red,2106,2971,2739,1747,4095
Red,2105,2970,2738,1745,4095
Red,2104,2968,2742,1745,4095
Red,2104,2969,2738,1747,4095
Red,2103,2968,2737,1746,4095
Red,2105,2970,2738,1747,4095
Red,2110,2971,2738,1747,4095
Red,2103,2969,2736,1746,4095
Red,2107,2969,2739,1742,4095
Red,2105,2969,2739,1747,4095
Red,2104,2968,2740,1747,4095
Red,2105,2971,2743,1748,4095
Red,2104,2969,2738,1747,4095
Red,2101,2967,2740,1747,4095
Red,2104,2968,2738,1748,4095
Red,2104,2970,2740,1750,4095
Red,2105,2970,2735,1746,4095
Red,2103,2970,2735,1748,4095
Red,2105,2972,2739,1747,4095
Red,2104,2969,2740,1747,4095
Red,2104,2972,2738,1747,4095
Red,2106,2969,2738,1745,4095
Red,2105,2971,2738,1744,4095
Red,2104,2971,2736,1745,4095
Red,2104,2969,2736,1748,4095
Red,2106,2972,2739,1748,4095
Red,2105,2971,2740,1749,4095
Red,2106,2971,2738,1747,4095
Red,2103,2971,2739,1748,4095
Red,2102,2969,2739,1745,4095
Red,2105,2969,2739,1748,4095
Red,2105,2969,2739,1746,4095
Red,2106,2969,2740,1749,4095
Red,2105,2969,2738,1748,4095
Red,2106,2969,2738,1749,4095
Red,2106,2970,2738,1750,4095
Red,2104,2972,2741,1750,4095
Red,2108,2970,2739,1749,4095
Red,2106,2970,2740,1747,4095
Red,2105,2972,2742,1749,4095
Red,2107,2971,2739,1749,4095
Red,2106,2971,2739,1749,4095
Red,2106,2969,2740,1749,4095
Red,2105,2972,2740,1749,4095
Red,2105,2970,2739,1750,4095
Red,2104,2970,2739,1749,4095
Red,2105,2970,2741,1749,4095
Red,2105,2969,2738,1750,4095
Red,2106,2970,2738,1748,4095
Red,2104,2971,2740,1749,4095
Red,2106,2970,2739,1748,4095
Red,2100,2969,2739,1750,4095
Red,2105,2971,2737,1748,4095
Red,2105,2970,2740,1747,4095
Red,2106,2970,2739,1750,4095
Red,2107,2970,2739,1749,4095
Red,2105,2970,2739,1749,4095
Red,2106,2969,2739,1748,4095
Red,2106,2970,2741,1748,4095
Red,2106,2969,2738,1748,4095
Red,2106,2971,2742,1750,4095
Red,2105,2970,2737,1749,4095
Red,2105,2970,2739,1749,4095
Red,2105,2970,2739,1750,4095
Red,2105,2970,2741,1747,4095
Red,2103,2970,2743,1751,4095
Red,2106,2972,2737,1749,4095
Red,2105,2974,2740,1748,4095
Red,2105,2970,2739,1749,4095
Red,2105,2969,2739,1748,4095
Red,2108,2970,2739,1748,4095
Red,2105,2969,2738,1746,4095
Red,2104,2972,2738,1747,4095
Red,2105,2966,2737,1746,4095
Red,2104,2968,2740,1747,4095
Red,2106,2971,2738,1746,4095
Red,2102,2968,2738,1746,4095
Red,2105,2969,2739,1745,4095
Red,2103,2969,2739,1744,4095
Red,2103,2968,2738,1748,4095
Red,2103,2973,2738,1746,4095
Red,2104,2969,2736,1745,4095
Red,2104,2969,2739,1745,4095
Red,2104,2970,2737,1744,4095
Red,2103,2968,2738,1744,4095
Red,2103,2969,2739,1744,4095
Red,2103,2969,2738,1744,4095
Red,2104,2967,2738,1745,4095
Red,2103,2968,2738,1745,4095
Red,2103,2967,2737,1743,4095
Red,2103,2971,2738,1745,4095
Red,2106,2968,2738,1746,4095
Red,2105,2965,2739,1744,4095
Red,2103,2969,2738,1746,4095
Red,2102,2969,2738,1749,4095
Red,2104,2969,2735,1744,4095
Red,2105,2969,2739,1743,4095
Red,2104,2969,2737,1745,4095
Red,2104,2968,2738,1743,4095
Red,2101,2966,2739,1745,4095
Red,2102,2967,2738,1743,4095
Red,2102,2968,2738,1743,4095
Red,2102,2967,2739,1743,4095
Red,2103,2969,2740,1745,4095
Red,2103,2967,2737,1744,4095
Red,2102,2970,2739,1743,4095
Red,2100,2967,2738,1742,4095
Red,2102,2969,2740,1742,4095
Red,2101,2968,2739,1741,4095
Red,2103,2969,2738,1741,4095
Red,2103,2970,2738,1742,4095
Red,2102,2968,2739,1742,4095
Red,2103,2969,2738,1743,4095
Red,2100,2970,2739,1743,4095
Red,2102,2966,2739,1746,4095
Red,2101,2970,2738,1744,4095
Red,2102,2971,2739,1743,4095
Red,2102,2966,2735,1743,4095
Red,2103,2968,2737,1742,4095
Red,2102,2969,2738,1742,4095
Red,2103,2969,2738,1741,4095
Red,2103,2969,2737,1740,4095
Red,2103,2969,2737,1743,4095
Red,2103,2970,2738,1741,4095
Red,2104,2969,2738,1743,4095
Red,2104,2967,2738,1742,4095
Red,2104,2968,2738,1741,4095
Red,2103,2968,2740,1743,4095
Red,2103,2969,2736,1742,4095
Red,2103,2966,2741,1743,4095
Red,2103,2968,2737,1743,4095
Red,2100,2971,2737,1742,4095
Red,2102,2967,2736,1741,4095
Red,2105,2968,2737,1736,4095
Red,2103,2970,2739,1740,4095
Red,2103,2968,2738,1745,4095
Red,2102,2972,2733,1743,4095
Red,2104,2968,2736,1742,4095
Red,2102,2969,2737,1742,4095
Red,2103,2969,2737,1741,4095
Red,2104,2970,2737,1744,4095
Red,2103,2967,2738,1741,4095
Red,2102,2969,2738,1743,4095
Red,2103,2969,2737,1742,4095
Red,2103,2969,2738,1744,4095
Red,2102,2968,2738,1744,4095
Red,2102,2968,2738,1741,4095
Red,2102,2974,2740,1741,4095
Red,2102,2967,2736,1742,4095
Red,2101,2969,2736,1742,4095
Red,2100,2967,2736,1741,4095
Red,2100,2968,2737,1742,4095
Red,2103,2969,2738,1741,4095
Red,2101,2968,2737,1744,4095
Red,2101,2967,2736,1742,4095
Red,2102,2969,2737,1741,4095
Red,2101,2967,2736,1742,4095
Red,2101,2969,2737,1741,4095
Red,2099,2972,2737,1741,4095
Red,2104,2965,2736,1741,4095
Red,2102,2968,2738,1741,4095
Red,2102,2966,2738,1741,4095
Red,2102,2968,2736,1739,4095
Red,2102,2966,2734,1739,4095
Red,2103,2967,2737,1745,4095
Red,2102,2965,2735,1742,4095
Red,2101,2966,2733,1742,4095
Red,2101,2966,2736,1741,4095
Red,2102,2970,2736,1742,4095
Red,2104,2969,2737,1742,4095
Red,2103,2969,2735,1743,4095
Red,2101,2968,2736,1742,4095
Red,2103,2969,2737,1742,4095
Red,2104,2968,2738,1741,4095
Red,2102,2969,2735,1742,4095
Red,2101,2969,2738,1743,4095
Red,2101,2967,2739,1741,4095
Red,2103,2968,2737,1741,4095
Red,2101,2969,2737,1741,4095
Red,2100,2968,2737,1741,4095
Red,2101,2967,2738,1741,4095
Red,2100,2968,2738,1739,4095
Red,2101,2969,2737,1739,4095
Red,2102,2968,2734,1742,4095
Red,2101,2967,2736,1739,4095
Red,2102,2967,2736,1742,4095
Red,2102,2967,2738,1743,4095
Red,2102,2968,2737,1741,4095
Red,2102,2967,2732,1742,4095
Red,2102,2969,2736,1741,4095
Red,2107,2967,2734,1741,4095
Red,2100,2965,2737,1742,4095
Red,2105,2968,2739,1742,4095
Red,2102,2967,2738,1742,4095
Red,2102,2968,2736,1741,4095
Red,2102,2968,2737,1742,4095
Red,2103,2967,2737,1742,4095
Red,2102,2968,2738,1742,4095
Red,2101,2968,2737,1742,4095
Red,2100,2968,2736,1740,4095
Red,2103,2969,2738,1741,4095
Red,2103,2968,2737,1738,4095
Red,2104,2968,2736,1742,4095
Red,2103,2969,2736,1742,4095
Red,2102,2969,2735,1742,4095
Red,2102,2969,2738,1743,4095
Red,2103,2967,2736,1743,4095
Red,2102,2970,2737,1742,4095
Red,2101,2970,2737,1744,4095
Red,2104,2968,2737,1743,4095
Red,2102,2968,2737,1742,4095
Red,2101,2968,2736,1744,4095
Red,2102,2967,2737,1743,4095
Red,2101,2968,2739,1740,4095
Red,2103,2968,2736,1739,4095
Red,2103,2970,2736,1740,4095
Red,2102,2965,2737,1743,4095
Red,2101,2967,2736,1741,4095
Red,2103,2970,2738,1743,4095
Red,2103,2969,2738,1744,4095
Red,2102,2969,2737,1742,4095
Red,2102,2970,2738,1743,4095
Red,2102,2967,2737,1743,4095
Red,2103,2969,2737,1744,4095
Red,2103,2968,2741,1747,4095
Red,2103,2968,2732,1743,4095
Red,2102,2969,2739,1742,4095
Red,2103,2968,2735,1743,4095
Red,2102,2966,2734,1743,4095
Red,2102,2967,2738,1742,4095
Red,2103,2968,2736,1744,4095
Red,2102,2967,2736,1744,4095
Red,2104,2967,2736,1744,4095
Red,2103,2968,2737,1741,4095
Red,2102,2969,2736,1740,4095
Red,2103,2967,2737,1744,4095
Red,2101,2969,2736,1744,4095
Red,2103,2968,2739,1742,4095
Red,2104,2969,2737,1744,4095
Red,2103,2968,2734,1744,4095
Red,2103,2968,2736,1743,4095
Red,2102,2968,2739,1743,4095
Red,2104,2970,2737,1744,4095
Red,2104,2968,2738,1744,4095
Red,2104,2967,2737,1744,4095
Red,2102,2969,2737,1742,4095
Red,2106,2969,2738,1743,4095
Red,2102,2968,2737,1744,4095
Red,2103,2969,2738,1743,4095
Red,2103,2967,2739,1743,4095
Red,2104,2969,2737,1743,4095
Red,2104,2968,2734,1742,4095
Red,2103,2968,2737,1741,4095
Red,2103,2968,2738,1743,4095
Red,2104,2969,2738,1745,4095
Red,2103,2969,2737,1744,4095
Red,2103,2967,2738,1744,4095
Red,2103,2970,2738,1745,4095
Red,2101,2968,2736,1744,4095
Red,2103,2970,2738,1743,4095
Red,2101,2963,2737,1744,4095
Red,2104,2968,2736,1742,4095
Red,2104,2968,2737,1743,4095
Red,2103,2969,2738,1742,4095
Red,2103,2969,2739,1744,4095
Red,2103,2968,2736,1746,4095
Red,2103,2968,2736,1743,4095
Red,2103,2969,2736,1744,4095
Red,2103,2969,2740,1745,4095
Red,2103,2965,2739,1744,4095
Red,2104,2968,2736,1743,4095
Red,2103,2967,2738,1744,4095
Red,2103,2966,2737,1743,4095
Red,2103,2968,2738,1744,4095
Red,2102,2967,2736,1745,4095
Red,2102,2967,2737,1743,4095
Red,2102,2971,2737,1742,4095
Red,2105,2968,2736,1743,4095
Red,2105,2967,2735,1746,4095
Red,2103,2969,2736,1745,4095
Red,2102,2968,2737,1744,4095
Red,2103,2969,2741,1744,4095
Red,2104,2968,2735,1744,4095
Red,2103,2968,2736,1744,4095
Red,2103,2965,2737,1743,4095
Red,2104,2969,2739,1744,4095
Red,2104,2965,2738,1744,4095
Red,2104,2970,2737,1744,4095
Red,2105,2968,2737,1744,4095
Red,2103,2965,2736,1743,4095
Red,2100,2969,2737,1743,4095
Red,2100,2967,2737,1744,4095
Red,2104,2968,2737,1743,4095
Red,2105,2970,2738,1747,4095
Red,2103,2968,2736,1747,4095
Red,2104,2968,2737,1746,4095
Red,2103,2967,2735,1742,4095
Red,2102,2968,2735,1741,4095
Red,2103,2968,2737,1741,4095
Red,2103,2968,2736,1745,4095
Red,2104,2969,2735,1744,4095
Red,2103,2968,2734,1743,4095
Red,2103,2968,2737,1744,4095
Red,2103,2968,2737,1745,4095
Red,2103,2967,2737,1744,4095
Red,2101,2967,2737,1743,4095
Red,2102,2968,2736,1744,4095
Red,2101,2963,2737,1744,4095
Red,2102,2967,2737,1744,4095
Red,2103,2969,2736,1744,4095
Red,2103,2966,2735,1743,4095
Red,2103,2967,2739,1744,4095
Red,2104,2965,2737,1745,4095
Red,2102,2967,2736,1743,4095
Red,2103,2969,2736,1743,4095
Red,2104,2965,2736,1744,4095
Red,2105,2964,2736,1743,4095
Red,2102,2967,2736,1744,4095
Red,2100,2968,2736,1744,4095
Red,2099,2968,2737,1744,4095
Red,2103,2967,2736,1742,4095
Red,2100,2967,2736,1741,4095
Red,2103,2965,2737,1742,4095
Red,2102,2967,2736,1743,4095
Red,2106,2967,2736,1744,4095
Red,2102,2965,2735,1745,4095
Red,2102,2967,2737,1744,4095
Red,2103,2966,2738,1743,4095
Red,2103,2966,2736,1743,4095
Red,2103,2965,2735,1742,4095
Red,2102,2968,2736,1741,4095
Red,2103,2967,2737,1744,4095
Red,2103,2966,2736,1740,4095
Red,2100,2968,2739,1747,4095
Red,2102,2967,2736,1739,4095
Red,2102,2967,2736,1745,4095
Red,2103,2963,2736,1744,4095
Red,2103,2966,2731,1744,4095
Red,2103,2966,2738,1744,4095
Red,2103,2965,2735,1743,4095
Red,2102,2969,2736,1744,4095
Red,2102,2963,2736,1744,4095
Red,2105,2965,2737,1744,4095
Red,2107,2965,2736,1744,4095
Red,2102,2969,2736,1744,4095
Red,2101,2969,2737,1743,4095
Red,2103,2968,2736,1744,4095
Red,2099,2962,2737,1744,4095
Red,2101,2967,2735,1745,4095
Red,2106,2967,2736,1744,4095
Red,2104,2968,2738,1745,4095
Red,2106,2967,2737,1746,4095
Red,2105,2967,2736,1744,4095
Red,2103,2967,2736,1750,4095
Red,2103,2967,2736,1744,4095
Red,2104,2968,2737,1742,4095
Red,2103,2968,2736,1745,4095
Red,2104,2967,2736,1744,4095
Red,2102,2968,2738,1745,4095
Red,2103,2968,2740,1745,4095
Red,2101,2969,2738,1745,4095
Red,2103,2968,2737,1747,4095
Red,2100,2968,2737,1744,4095
Red,2103,2968,2736,1745,4095
Red,2101,2966,2737,1745,4095
Red,2098,2967,2735,1742,4095
Red,2105,2968,2736,1747,4095
Red,2103,2966,2737,1745,4095
Red,2102,2966,2737,1743,4095
Red,2103,2970,2734,1745,4095
Red,2103,2968,2739,1742,4095
Red,2104,2968,2737,1744,4095
Red,2103,2967,2738,1743,4095
Red,2103,2968,2734,1745,4095
Red,2103,2967,2734,1745,4095
Red,2103,2968,2739,1745,4095
Red,2104,2969,2737,1744,4095
Red,2102,2964,2735,1744,4095
Red,2102,2968,2736,1744,4095
Red,2102,2964,2736,1744,4095
Red,2104,2965,2735,1744,4095
Red,2102,2969,2737,1744,4095
Red,2103,2967,2736,1746,4095
Red,2101,2963,2736,1743,4095
Red,2104,2962,2736,1744,4095
Red,2103,2968,2736,1746,4095
Red,2102,2966,2736,1745,4095
Red,2104,2967,2736,1744,4095
Red,2101,2966,2736,1744,4095
Red,2101,2968,2737,1744,4095
Red,2103,2966,2736,1744,4095
Red,2103,2966,2736,1745,4095
Red,2100,2967,2736,1744,4095
Red,2103,2968,2739,1744,4095
Red,2103,2965,2736,1745,4095
Red,2103,2965,2736,1742,4095
Red,2104,2969,2738,1747,4095
Red,2103,2966,2736,1748,4095
Red,2103,2967,2737,1743,4095
Red,2103,2968,2735,1746,4095
Red,2105,2968,2735,1745,4095
Red,2103,2971,2737,1746,4095
Red,2103,2969,2735,1746,4095
Red,2104,2967,2737,1745,4095
Red,2103,2967,2736,1745,4095
Red,2102,2966,2736,1745,4095
Red,2103,2968,2736,1746,4095
Red,2102,2968,2736,1745,4095
Red,2101,2966,2736,1744,4095
Red,2103,2967,2736,1745,4095
Red,2102,2967,2736,1746,4095
Red,2102,2967,2736,1745,4095
Red,2106,2967,2735,1746,4095
Red,2103,2968,2736,1745,4095
Red,2103,2968,2737,1747,4095
Red,2103,2967,2736,1747,4095
Red,2103,2966,2736,1746,4095
Red,2103,2967,2736,1746,4095
Red,2108,2967,2738,1749,4095
Blue,3546,2816,2076,1940,4095
Blue,3545,2816,2072,1939,4095
Blue,3546,2815,2073,1940,4095
Blue,3543,2815,2074,1938,4095
Blue,3545,2814,2074,1939,4095
Blue,3545,2811,2075,1940,4095
Blue,3545,2814,2077,1940,4095
Blue,3547,2812,2074,1939,4095
Blue,3547,2810,2073,1937,4095
Blue,3544,2811,2073,1937,4095
Blue,3545,2811,2072,1938,4095
Blue,3544,2812,2072,1938,4095
Blue,3545,2811,2071,1938,4095
Blue,3546,2812,2072,1939,4095
Blue,3546,2811,2069,1938,4095
Blue,3545,2810,2074,1937,4095
Blue,3544,2808,2072,1938,4095
Blue,3546,2811,2073,1938,4095
Blue,3544,2809,2074,1937,4095
Blue,3545,2808,2073,1938,4095
Blue,3544,2806,2072,1936,4095
Blue,3544,2811,2073,1939,4095
Blue,3545,2810,2073,1939,4095
Blue,3546,2806,2072,1939,4095
Blue,3546,2808,2073,1937,4095
Blue,3545,2810,2072,1938,4095
Blue,3544,2809,2073,1938,4095
Blue,3544,2807,2073,1938,4095
Blue,3545,2808,2072,1940,4095
Blue,3545,2809,2073,1938,4095
Blue,3546,2806,2075,1938,4095
Blue,3545,2805,2073,1938,4095
Blue,3544,2811,2072,1938,4095
Blue,3544,2808,2073,1939,4095
Blue,3544,2807,2073,1940,4095
Blue,3546,2808,2073,1938,4095
Blue,3546,2808,2074,1936,4095
Blue,3544,2807,2073,1937,4095
Blue,3543,2806,2072,1937,4095
Blue,3544,2807,2072,1937,4095
Blue,3545,2807,2073,1938,4095
Blue,3544,2808,2073,1938,4095
Blue,3544,2809,2073,1937,4095
Blue,3545,2809,2074,1938,4095
Blue,3546,2804,2074,1939,4095
Blue,3549,2811,2073,1937,4095
Blue,3549,2807,2070,1938,4095
Blue,3544,2809,2073,1938,4095
Blue,3546,2806,2072,1937,4095
Blue,3547,2807,2073,1936,4095
Blue,3543,2807,2072,1937,4095
Blue,3549,2808,2072,1936,4095
Blue,3546,2807,2072,1936,4095
Blue,3545,2807,2073,1936,4095
Blue,3546,2807,2073,1937,4095
Blue,3545,2807,2068,1936,4095
Blue,3544,2807,2073,1937,4095
Blue,3544,2808,2072,1939,4095
Blue,3544,2805,2072,1936,4095
Blue,3545,2807,2073,1937,4095
Blue,3545,2808,2073,1937,4095
Blue,3544,2808,2073,1937,4095
Blue,3545,2810,2072,1937,4095
Blue,3545,2806,2073,1936,4095
Blue,3546,2810,2072,1937,4095
Blue,3544,2807,2072,1937,4095
Blue,3541,2807,2073,1936,4095
Blue,3538,2807,2072,1937,4095
Blue,3542,2808,2071,1937,4095
Blue,3541,2807,2073,1938,4095
Blue,3544,2807,2072,1937,4095
Blue,3545,2807,2072,1935,4095
Blue,3543,2808,2072,1935,4095
Blue,3547,2808,2075,1939,4095
Blue,3544,2807,2073,1933,4095
Blue,3544,2807,2074,1938,4095
Blue,3545,2808,2073,1936,4095
Blue,3545,2807,2073,1933,4095
Blue,3544,2807,2074,1937,4095
Blue,3543,2808,2072,1935,4095
Blue,3542,2807,2074,1936,4095
Blue,3543,2812,2073,1937,4095
Blue,3545,2804,2071,1936,4095
Blue,3546,2808,2072,1935,4095
Blue,3544,2805,2073,1935,4095
Blue,3545,2804,2073,1936,4095
Blue,3544,2806,2072,1936,4095
Blue,3544,2804,2072,1935,4095
Blue,3546,2805,2072,1937,4095
Blue,3545,2804,2073,1937,4095
Blue,3545,2806,2073,1934,4095
Blue,3543,2806,2073,1936,4095
Blue,3547,2806,2072,1935,4095
Blue,3549,2806,2072,1935,4095
Blue,3544,2804,2072,1935,4095
Blue,3542,2805,2072,1936,4095
Blue,3544,2805,2073,1935,4095
Blue,3547,2802,2073,1937,4095
Blue,3544,2804,2072,1937,4095
Blue,3544,2803,2072,1932,4095
Blue,3544,2805,2072,1934,4095
Blue,3545,2805,2074,1934,4095
Blue,3544,2803,2074,1934,4095
Blue,3545,2804,2071,1937,4095
Blue,3544,2805,2073,1936,4095
Blue,3544,2805,2072,1936,4095
Blue,3543,2802,2073,1936,4095
Blue,3542,2803,2073,1937,4095
Blue,3543,2804,2073,1936,4095
Blue,3539,2808,2072,1934,4095
Blue,3543,2804,2072,1936,4095
Blue,3547,2805,2072,1937,4095
Blue,3542,2805,2071,1938,4095
Blue,3544,2805,2073,1935,4095
Blue,3542,2805,2076,1937,4095
Blue,3541,2805,2073,1936,4095
Blue,3543,2805,2075,1938,4095
Blue,3542,2804,2075,1936,4095
Blue,3544,2804,2073,1936,4095
Blue,3543,2804,2074,1935,4095
Blue,3546,2803,2072,1934,4095
Blue,3543,2804,2073,1937,4095
Blue,3544,2803,2072,1935,4095
Blue,3546,2803,2071,1936,4095
Blue,3543,2806,2074,1937,4095
Blue,3542,2806,2073,1935,4095
Blue,3547,2805,2073,1935,4095
Blue,3543,2804,2073,1935,4095
Blue,3545,2806,2073,1937,4095
Blue,3542,2805,2073,1935,4095
Blue,3549,2806,2072,1935,4095
Blue,3542,2804,2072,1932,4095
Blue,3542,2805,2074,1937,4095
Blue,3543,2804,2071,1933,4095
Blue,3542,2805,2072,1932,4095
Blue,3543,2804,2070,1936,4095
Blue,3543,2805,2074,1936,4095
Blue,3545,2809,2072,1936,4095
Blue,3543,2806,2072,1936,4095
Blue,3544,2806,2073,1936,4095
Blue,3543,2803,2075,1935,4095
Blue,3544,2807,2073,1935,4095
Blue,3544,2809,2074,1937,4095
Blue,3544,2807,2073,1936,4095
Blue,3543,2806,2073,1935,4095
Blue,3544,2807,2073,1936,4095
Blue,3543,2806,2075,1937,4095
Blue,3545,2804,2073,1937,4095
Blue,3544,2808,2072,1938,4095
Blue,3540,2807,2076,1937,4095
Blue,3544,2807,2071,1936,4095
Blue,3545,2807,2073,1935,4095
Blue,3546,2809,2075,1936,4095
Blue,3544,2812,2074,1937,4095
Blue,3545,2808,2074,1937,4095
Blue,3544,2811,2073,1937,4095
Blue,3540,2808,2074,1937,4095
Blue,3546,2806,2074,1936,4095
Blue,3542,2809,2074,1937,4095
Blue,3546,2808,2074,1938,4095
Blue,3543,2807,2073,1938,4095
Blue,3544,2807,2074,1937,4095
Blue,3543,2805,2076,1936,4095
Blue,3544,2807,2074,1936,4095
Blue,3539,2806,2075,1938,4095
Blue,3544,2809,2074,1935,4095
Blue,3548,2807,2074,1937,4095
Blue,3542,2807,2074,1937,4095
Blue,3542,2806,2073,1937,4095
Blue,3541,2806,2074,1937,4095
Blue,3543,2807,2073,1937,4095
Blue,3543,2808,2076,1938,4095
Blue,3543,2805,2073,1936,4095
Blue,3547,2803,2074,1937,4095
Blue,3544,2807,2073,1939,4095
Blue,3538,2808,2073,1935,4095
Blue,3543,2808,2073,1936,4095
Blue,3541,2807,2071,1934,4095
Blue,3542,2806,2072,1936,4095
Blue,3546,2806,2073,1935,4095
Blue,3541,2805,2072,1937,4095
Blue,3540,2804,2074,1938,4095
Blue,3543,2806,2073,1936,4095
Blue,3541,2804,2074,1936,4095
Blue,3543,2806,2075,1937,4095
Blue,3544,2806,2074,1940,4095
Blue,3545,2806,2070,1936,4095
Blue,3545,2803,2073,1936,4095
Blue,3541,2806,2074,1937,4095
Blue,3545,2807,2074,1938,4095
Blue,3543,2806,2077,1935,4095
Blue,3543,2806,2074,1938,4095
Blue,3543,2802,2071,1936,4095
Blue,3546,2803,2073,1937,4095
Blue,3543,2807,2073,1936,4095
Blue,3544,2806,2073,1937,4095
Blue,3543,2805,2073,1934,4095
Blue,3543,2806,2073,1937,4095
Blue,3543,2806,2073,1937,4095
Blue,3543,2807,2073,1937,4095
Blue,3541,2806,2073,1936,4095
Blue,3544,2805,2073,1936,4095
Blue,3541,2807,2073,1938,4095
Blue,3542,2806,2072,1939,4095
Blue,3542,2804,2071,1936,4095
Blue,3542,2803,2073,1937,4095
Blue,3545,2801,2072,1936,4095
Blue,3546,2805,2073,1935,4095
Blue,3544,2807,2072,1935,4095
Blue,3544,2810,2072,1936,4095
Blue,3543,2805,2072,1936,4095
Blue,3542,2810,2072,1936,4095
Blue,3542,2803,2072,1935,4095
Blue,3544,2805,2071,1935,4095
Blue,3543,2805,2072,1939,4095
Blue,3543,2808,2073,1936,4095
Blue,3542,2810,2073,1936,4095
Blue,3547,2804,2073,1936,4095
Blue,3542,2806,2074,1938,4095
Blue,3542,2805,2072,1936,4095
Blue,3544,2807,2073,1937,4095
Blue,3541,2805,2072,1937,4095
Blue,3542,2806,2072,1933,4095
Blue,3543,2804,2074,1936,4095
Blue,3543,2804,2068,1935,4095
Blue,3542,2803,2074,1936,4095
Blue,3541,2804,2073,1937,4095
Blue,3543,2803,2071,1936,4095
Blue,3542,2802,2073,1935,4095
Blue,3538,2804,2073,1934,4095
Blue,3540,2804,2072,1935,4095
Blue,3540,2804,2074,1934,4095
Blue,3542,2803,2072,1935,4095
Blue,3544,2813,2073,1935,4095
Blue,3543,2805,2072,1934,4095
Blue,3542,2805,2072,1934,4095
Blue,3543,2806,2072,1935,4095
Blue,3543,2805,2073,1934,4095
Blue,3541,2805,2072,1932,4095
Blue,3543,2806,2072,1939,4095
Blue,3547,2805,2072,1934,4095
Blue,3541,2804,2073,1933,4095
Blue,3539,2802,2072,1934,4095
Blue,3542,2803,2074,1935,4095
Blue,3540,2803,2074,1935,4095
Blue,3545,2803,2072,1936,4095
Blue,3538,2804,2071,1937,4095
Blue,3541,2804,2073,1934,4095
Blue,3539,2806,2073,1935,4095
Blue,3540,2802,2073,1935,4095
Blue,3540,2805,2072,1936,4095
Blue,3540,2803,2073,1935,4095
Blue,3540,2807,2073,1934,4095
Blue,3539,2802,2073,1935,4095
Blue,3540,2803,2071,1933,4095
Blue,3538,2802,2071,1934,4095
Blue,3541,2800,2072,1935,4095
Blue,3539,2803,2072,1933,4095
Blue,3542,2802,2075,1933,4095
Blue,3539,2802,2072,1934,4095
Blue,3538,2801,2071,1933,4095
Blue,3542,2801,2072,1934,4095
Blue,3539,2802,2071,1935,4095
Blue,3538,2803,2073,1933,4095
Blue,3539,2801,2072,1932,4095
Blue,3538,2801,2072,1933,4095
Blue,3540,2802,2074,1935,4095
Blue,3540,2802,2072,1934,4095
Blue,3541,2803,2072,1932,4095
Blue,3540,2801,2072,1934,4095
Blue,3537,2800,2071,1933,4095
Blue,3538,2802,2072,1932,4095
Blue,3536,2802,2072,1932,4095
Blue,3538,2801,2071,1930,4095
Blue,3538,2801,2071,1932,4095
Blue,3537,2801,2071,1932,4095
Blue,3540,2802,2072,1933,4095
Blue,3538,2801,2072,1933,4095
Blue,3539,2801,2071,1933,4095
Blue,3537,2803,2070,1933,4095
Blue,3534,2803,2071,1933,4095
Blue,3537,2799,2071,1931,4095
Blue,3535,2800,2071,1933,4095
Blue,3537,2799,2071,1933,4095
Blue,3536,2800,2071,1932,4095
Blue,3536,2800,2071,1932,4095
Blue,3534,2800,2070,1935,4095
Blue,3536,2799,2072,1932,4095
Blue,3534,2802,2072,1933,4095
Blue,3535,2800,2071,1933,4095
Blue,3535,2802,2072,1933,4095
Blue,3537,2801,2071,1931,4095
Blue,3536,2800,2075,1933,4095
Blue,3539,2800,2072,1931,4095
Blue,3536,2800,2071,1932,4095
Blue,3537,2799,2071,1934,4095
Blue,3535,2800,2070,1932,4095
Blue,3536,2798,2071,1931,4095
Blue,3537,2799,2072,1932,4095
Blue,3536,2800,2072,1933,4095
Blue,3535,2800,2073,1930,4095
Blue,3534,2801,2072,1931,4095
Blue,3535,2800,2071,1932,4095
Blue,3534,2800,2071,1930,4095
Blue,3532,2799,2070,1932,4095
Blue,3536,2801,2071,1930,4095
Blue,3532,2799,2071,1933,4095
Blue,3534,2800,2071,1931,4095
Blue,3535,2799,2071,1930,4095
Blue,3532,2803,2070,1931,4095
Blue,3533,2801,2071,1930,4095
Blue,3527,2799,2071,1931,4095
Blue,3532,2798,2071,1928,4095
Blue,3532,2799,2071,1932,4095
Blue,3531,2800,2070,1931,4095
Blue,3532,2800,2071,1930,4095
Blue,3533,2800,2071,1930,4095
Blue,3530,2799,2071,1933,4095
Blue,3532,2800,2067,1931,4095
Blue,3534,2800,2070,1930,4095
Blue,3535,2793,2070,1930,4095
Blue,3529,2801,2071,1931,4095
Blue,3532,2799,2071,1929,4095
Blue,3537,2798,2071,1931,4095
Blue,3532,2801,2075,1931,4095
Blue,3528,2800,2070,1931,4095
Blue,3533,2799,2070,1930,4095
Blue,3532,2801,2073,1933,4095
Blue,3531,2798,2070,1933,4095
Blue,3529,2800,2072,1930,4095
Blue,3532,2800,2071,1930,4095
Blue,3533,2803,2071,1931,4095
Blue,3531,2802,2068,1931,4095
Blue,3531,2799,2069,1933,4095
Blue,3530,2801,2070,1931,4095
Blue,3529,2797,2069,1931,4095
Blue,3532,2799,2070,1927,4095
Blue,3533,2799,2069,1932,4095
Blue,3531,2801,2063,1930,4095
Blue,3530,2801,2069,1930,4095
Blue,3529,2799,2072,1932,4095
Blue,3533,2798,2070,1929,4095
Blue,3529,2802,2070,1929,4095
Blue,3533,2798,2070,1930,4095
Blue,3534,2798,2070,1929,4095
Blue,3531,2798,2072,1928,4095
Blue,3529,2800,2071,1929,4095
Blue,3529,2797,2070,1930,4095
Blue,3524,2796,2070,1929,4095
Blue,3530,2800,2072,1928,4095
Blue,3532,2798,2069,1930,4095
Blue,3531,2800,2070,1931,4095
Blue,3528,2800,2070,1930,4095
Blue,3529,2798,2069,1929,4095
Blue,3532,2801,2070,1929,4095
Blue,3528,2799,2069,1930,4095
Blue,3531,2800,2069,1927,4095
Blue,3526,2799,2070,1929,4095
Blue,3530,2797,2070,1928,4095
Blue,3528,2797,2069,1932,4095
Blue,3524,2798,2069,1930,4095
Blue,3529,2799,2070,1933,4095
Blue,3530,2798,2070,1930,4095
Blue,3530,2801,2069,1929,4095
Blue,3530,2800,2070,1929,4095
Blue,3530,2800,2068,1926,4095
Blue,3529,2799,2072,1929,4095
Blue,3532,2799,2071,1929,4095
Blue,3535,2801,2071,1930,4095
Blue,3531,2800,2069,1929,4095
Blue,3535,2801,2070,1929,4095
Blue,3533,2800,2070,1931,4095
Blue,3531,2800,2070,1929,4095
Blue,3534,2800,2070,1930,4095
Blue,3532,2800,2070,1929,4095
Blue,3535,2801,2069,1929,4095
Blue,3533,2800,2071,1929,4095
Blue,3534,2802,2071,1929,4095
Blue,3535,2801,2070,1929,4095
Blue,3535,2800,2072,1928,4095
Blue,3531,2802,2070,1929,4095
Blue,3535,2801,2070,1930,4095
Blue,3536,2803,2070,1931,4095
Blue,3536,2800,2072,1929,4095
Blue,3538,2802,2071,1929,4095
Blue,3535,2801,2071,1929,4095
Blue,3536,2802,2071,1930,4095
Blue,3537,2799,2073,1931,4095
Blue,3532,2802,2071,1928,4095
Blue,3537,2802,2072,1929,4095
Blue,3536,2801,2071,1931,4095
Blue,3535,2802,2070,1929,4095
Blue,3537,2803,2070,1929,4095
Blue,3537,2799,2072,1929,4095
Blue,3537,2803,2071,1930,4095
Blue,3539,2802,2070,1930,4095
Blue,3536,2801,2072,1930,4095
Blue,3539,2802,2071,1930,4095
Blue,3535,2801,2071,1930,4095
Blue,3536,2802,2070,1929,4095
Blue,3536,2800,2072,1930,4095
Blue,3540,2801,2071,1929,4095
Blue,3538,2803,2072,1930,4095
Blue,3538,2801,2072,1932,4095
Blue,3539,2800,2072,1930,4095
Blue,3537,2795,2071,1926,4095
Blue,3540,2797,2071,1932,4095
Blue,3541,2798,2072,1934,4095
Blue,3540,2798,2073,1934,4095
Blue,3541,2796,2073,1936,4095
Blue,3540,2796,2071,1935,4095
Blue,3538,2797,2072,1933,4095
Blue,3539,2795,2073,1935,4095
Blue,3540,2794,2073,1937,4095
Blue,3540,2796,2073,1933,4095
Blue,3542,2793,2072,1935,4095
Blue,3540,2795,2073,1934,4095
Blue,3537,2795,2074,1934,4095
Blue,3536,2796,2072,1936,4095
Blue,3542,2796,2073,1939,4095
Blue,3542,2794,2074,1941,4095
Blue,3544,2796,2074,1941,4095
Blue,3548,2796,2072,1940,4095
Blue,3540,2796,2073,1941,4095
Blue,3543,2793,2073,1938,4095
Blue,3540,2795,2072,1937,4095
Blue,3541,2795,2073,1935,4095
Blue,3538,2798,2072,1936,4095
Blue,3544,2795,2073,1936,4095
Blue,3543,2795,2073,1935,4095
Blue,3541,2797,2073,1936,4095
Blue,3541,2798,2072,1937,4095
Blue,3541,2796,2076,1938,4095
Blue,3540,2797,2073,1939,4095
Blue,3544,2797,2073,1940,4095
Blue,3542,2795,2074,1942,4095
Blue,3544,2795,2071,1943,4095
Blue,3544,2799,2074,1942,4095
Blue,3545,2796,2074,1943,4095
Blue,3543,2796,2075,1941,4095
Blue,3543,2793,2075,1943,4095
Blue,3545,2798,2075,1942,4095
Blue,3543,2796,2073,1940,4095
Blue,3544,2797,2073,1941,4095
Blue,3542,2792,2074,1939,4095
Blue,3539,2797,2073,1938,4095
Blue,3544,2794,2074,1941,4095
Blue,3540,2795,2070,1940,4095
Blue,3542,2797,2073,1939,4095
Blue,3543,2794,2074,1938,4095
Blue,3543,2794,2074,1941,4095
Blue,3543,2793,2074,1941,4095
Blue,3543,2793,2073,1941,4095
Blue,3545,2794,2077,1940,4095
Blue,3542,2794,2075,1941,4095
Blue,3543,2794,2073,1939,4095
Blue,3541,2794,2073,1939,4095
Blue,3542,2793,2072,1938,4095
Blue,3542,2793,2073,1936,4095
Blue,3541,2794,2073,1937,4095
Blue,3539,2791,2072,1935,4095
Blue,3546,2794,2073,1936,4095
Blue,3534,2792,2074,1935,4095
Blue,3541,2792,2073,1934,4095
Blue,3542,2793,2072,1934,4095
Blue,3540,2793,2072,1933,4095
Blue,3541,2793,2072,1934,4095
Blue,3543,2793,2073,1931,4095
Blue,3542,2792,2072,1932,4095
Blue,3542,2792,2072,1930,4095
Blue,3543,2793,2073,1930,4095
Blue,3542,2792,2071,1932,4095
Blue,3540,2791,2072,1932,4095
Blue,3543,2792,2071,1931,4095
Blue,3541,2793,2073,1930,4095
Blue,3542,2791,2073,1931,4095
Blue,3543,2794,2072,1931,4095
Blue,3543,2793,2071,1932,4095
Blue,3542,2792,2076,1932,4095
Blue,3543,2793,2073,1933,4095
Blue,3542,2792,2073,1933,4095
Blue,3539,2792,2073,1932,4095
Blue,3543,2792,2075,1934,4095
Blue,3542,2789,2074,1933,4095
Blue,3539,2794,2072,1933,4095
Blue,3544,2793,2074,1933,4095
Blue,3541,2792,2072,1933,4095
Blue,3542,2793,2071,1934,4095
Blue,3543,2791,2073,1936,4095
Blue,3542,2794,2073,1933,4095
Blue,3544,2792,2072,1937,4095
Blue,3545,2795,2073,1934,4095
Blue,3541,2793,2072,1934,4095
Blue,3545,2793,2072,1935,4095
Blue,3543,2793,2072,1938,4095
Blue,3542,2794,2072,1935,4095
Blue,3548,2793,2073,1934,4095
Blue,3544,2792,2071,1935,4095
Blue,3542,2793,2073,1934,4095
Blue,3541,2794,2072,1934,4095
Blue,3547,2793,2072,1933,4095
Blue,3542,2793,2074,1934,4095
Blue,3544,2794,2073,1939,4095
Blue,3543,2794,2073,1933,4095
Blue,3542,2791,2071,1933,4095
Blue,3543,2793,2072,1933,4095
Blue,3544,2791,2073,1934,4095
Blue,3542,2791,2072,1931,4095
Blue,3544,2792,2073,1932,4095
Blue,3540,2793,2072,1932,4095
Blue,3541,2791,2071,1932,4095
Blue,3541,2792,2071,1931,4095
Blue,3541,2792,2075,1930,4095
Blue,3544,2792,2072,1930,4095
Blue,3544,2791,2070,1931,4095
Blue,3538,2792,2072,1926,4095
Blue,3542,2793,2071,1929,4095
Blue,3544,2793,2071,1930,4095
Blue,3540,2792,2072,1930,4095
Blue,3549,2791,2073,1929,4095
Blue,3541,2792,2072,1931,4095
Blue,3543,2795,2072,1930,4095
Blue,3541,2793,2072,1931,4095
Blue,3544,2792,2072,1930,4095
Blue,3542,2792,2075,1930,4095
Blue,3542,2792,2069,1933,4095
Blue,3540,2790,2072,1930,4095
Blue,3544,2788,2073,1931,4095
Blue,3546,2793,2072,1929,4095
Blue,3543,2793,2072,1934,4095
Blue,3540,2791,2073,1929,4095
Blue,3542,2795,2072,1932,4095
Blue,3542,2791,2071,1932,4095
Blue,3540,2792,2073,1932,4095
Blue,3542,2793,2070,1931,4095
Blue,3542,2793,2070,1931,4095
Blue,3542,2794,2071,1932,4095
Blue,3543,2792,2072,1932,4095
Blue,3538,2791,2072,1930,4095
Blue,3543,2793,2072,1933,4095
Blue,3542,2793,2075,1933,4095
Blue,3542,2793,2073,1934,4095
Blue,3545,2793,2073,1935,4095
Blue,3545,2793,2073,1934,4095
Blue,3543,2792,2071,1931,4095
Blue,3544,2793,2073,1934,4095
Blue,3540,2794,2073,1934,4095
Blue,3542,2792,2072,1934,4095
Blue,3543,2793,2072,1935,4095
Blue,3543,2791,2072,1935,4095
Blue,3542,2793,2073,1934,4095
Blue,3546,2791,2071,1932,4095
Blue,3543,2793,2073,1936,4095
Blue,3543,2796,2071,1936,4095
Blue,3544,2793,2072,1934,4095
Blue,3543,2793,2073,1931,4095
Blue,3543,2792,2072,1934,4095
Blue,3543,2793,2073,1934,4095
Blue,3546,2792,2073,1936,4095
Blue,3544,2794,2073,1936,4095
Blue,3543,2794,2074,1935,4095
Blue,3544,2793,2073,1934,4095
Blue,3544,2793,2074,1937,4095
Blue,3549,2793,2073,1937,4095
Blue,3543,2793,2074,1937,4095
Blue,3544,2794,2072,1936,4095
Blue,3542,2791,2073,1937,4095
Blue,3543,2794,2072,1938,4095
Blue,3545,2794,2073,1937,4095
Blue,3543,2790,2072,1938,4095
Blue,3544,2794,2074,1939,4095
Blue,3541,2793,2075,1938,4095
Blue,3544,2792,2073,1939,4095
Blue,3544,2792,2074,1939,4095
Blue,3541,2793,2074,1939,4095
Blue,3543,2793,2074,1942,4095
Blue,3544,2795,2076,1936,4095
Blue,3543,2795,2074,1939,4095
Blue,3544,2792,2074,1941,4095
Blue,3544,2792,2075,1943,4095
Blue,3546,2790,2074,1940,4095
Blue,3545,2793,2074,1940,4095
Blue,3542,2794,2074,1940,4095
Blue,3543,2794,2074,1942,4095
Blue,3544,2791,2074,1940,4095
Blue,3547,2793,2074,1940,4095
Blue,3543,2794,2076,1939,4095
Blue,3543,2797,2073,1941,4095
Blue,3541,2794,2073,1940,4095
Blue,3547,2792,2073,1940,4095
Blue,3544,2795,2075,1940,4095
Blue,3545,2790,2075,1939,4095
Blue,3543,2791,2074,1940,4095
Blue,3543,2792,2074,1938,4095
Blue,3544,2793,2073,1940,4095
Blue,3545,2792,2072,1938,4095
Blue,3544,2792,2073,1940,4095
Blue,3546,2793,2073,1937,4095
Blue,3543,2791,2073,1938,4095
Blue,3546,2792,2073,1938,4095
Blue,3543,2791,2072,1938,4095
Blue,3543,2792,2074,1939,4095
Blue,3542,2794,2073,1938,4095
Blue,3539,2791,2073,1937,4095
Blue,3545,2792,2074,1938,4095
Blue,3540,2790,2071,1939,4095
Blue,3544,2791,2073,1938,4095
Blue,3544,2792,2073,1938,4095
Blue,3543,2791,2071,1940,4095
Blue,3542,2791,2073,1938,4095
Blue,3543,2791,2074,1937,4095
Blue,3542,2791,2073,1938,4095
Blue,3544,2792,2074,1939,4095
Blue,3544,2792,2074,1937,4095
Blue,3546,2792,2072,1938,4095
Blue,3544,2791,2073,1938,4095
Blue,3543,2793,2074,1940,4095
Blue,3543,2791,2074,1938,4095
Blue,3541,2791,2073,1938,4095
Blue,3542,2791,2073,1937,4095
Blue,3543,2791,2073,1938,4095
Blue,3541,2788,2073,1938,4095
Blue,3546,2790,2073,1937,4095
Blue,3542,2791,2072,1936,4095
Blue,3542,2792,2073,1937,4095
Blue,3542,2789,2074,1937,4095
Blue,3542,2789,2071,1936,4095
Blue,3542,2790,2073,1937,4095
Blue,3544,2791,2073,1937,4095
Blue,3542,2791,2073,1936,4095
Blue,3540,2791,2070,1934,4095
Blue,3543,2788,2073,1935,4095
Blue,3540,2789,2073,1936,4095
Blue,3545,2790,2072,1934,4095
Blue,3541,2789,2072,1935,4095
Blue,3546,2791,2070,1937,4095
Blue,3545,2790,2072,1935,4095
Blue,3543,2789,2072,1937,4095
Blue,3541,2792,2075,1936,4095
Blue,3540,2788,2072,1936,4095
Blue,3540,2790,2071,1935,4095
Blue,3538,2790,2074,1938,4095
Blue,3541,2792,2073,1934,4095
Blue,3541,2788,2072,1934,4095
Blue,3541,2789,2072,1934,4095
Blue,3537,2787,2073,1934,4095
Blue,3541,2789,2071,1934,4095
Blue,3542,2788,2072,1935,4095
Blue,3536,2789,2072,1933,4095
Blue,3542,2789,2074,1935,4095
Blue,3542,2787,2074,1933,4095
Blue,3541,2790,2073,1934,4095
Blue,3541,2790,2072,1933,4095
Blue,3541,2790,2072,1931,4095
Blue,3540,2791,2073,1933,4095
Blue,3541,2788,2072,1934,4095
Blue,3541,2789,2072,1933,4095
Blue,3541,2789,2072,1934,4095
Blue,3541,2789,2070,1936,4095
Blue,3542,2788,2072,1932,4095
Blue,3541,2789,2072,1933,4095
Blue,3532,2787,2072,1931,4095
Blue,3541,2789,2072,1932,4095
Blue,3539,2789,2071,1934,4095
Blue,3541,2789,2071,1933,4095
Blue,3541,2789,2072,1933,4095
Blue,3541,2791,2072,1933,4095
Blue,3540,2788,2071,1933,4095
Blue,3539,2790,2072,1931,4095
Blue,3539,2790,2073,1933,4095
Blue,3539,2788,2071,1934,4095
Blue,3539,2788,2071,1932,4095
Blue,3540,2788,2072,1934,4095
Blue,3542,2790,2071,1933,4095
Blue,3542,2789,2072,1933,4095
Blue,3540,2789,2074,1936,4095
Blue,3540,2787,2073,1934,4095
Blue,3547,2787,2072,1935,4095
Blue,3539,2789,2072,1935,4095
Blue,3537,2788,2072,1935,4095
Blue,3542,2788,2072,1934,4095
Blue,3538,2789,2072,1933,4095
Blue,3538,2789,2072,1933,4095
Blue,3540,2793,2074,1933,4095
Blue,3543,2787,2073,1934,4095
Blue,3539,2788,2071,1934,4095
Blue,3539,2788,2071,1936,4095
Blue,3538,2788,2071,1933,4095
Blue,3535,2788,2071,1933,4095
Blue,3539,2788,2071,1935,4095
Blue,3539,2787,2071,1931,4095
Blue,3536,2789,2072,1933,4095
Blue,3537,2790,2072,1934,4095
Blue,3538,2789,2073,1935,4095
Blue,3538,2787,2072,1933,4095
Blue,3536,2789,2071,1935,4095
Blue,3538,2790,2073,1934,4095
Blue,3537,2790,2072,1934,4095
Blue,3536,2790,2071,1935,4095
Blue,3543,2790,2072,1935,4095
Blue,3539,2788,2072,1938,4095
Blue,3539,2790,2073,1935,4095
Blue,3536,2790,2072,1936,4095
Blue,3540,2788,2074,1935,4095
Blue,3541,2787,2075,1936,4095
Blue,3537,2790,2073,1937,4095
Blue,3539,2792,2072,1934,4095
Blue,3537,2789,2072,1936,4095
Blue,3538,2788,2072,1936,4095
Blue,3538,2791,2073,1936,4095
Blue,3539,2789,2074,1936,4095
Blue,3537,2791,2073,1937,4095
Blue,3538,2787,2073,1935,4095
Blue,3538,2790,2072,1938,4095
Blue,3538,2791,2073,1937,4095
Blue,3538,2790,2072,1935,4095
Blue,3536,2790,2072,1935,4095
Blue,3539,2791,2072,1935,4095
Blue,3534,2789,2073,1934,4095
Blue,3536,2789,2070,1937,4095
Blue,3538,2790,2072,1937,4095
Blue,3535,2790,2073,1937,4095
Blue,3534,2789,2070,1933,4095
Blue,3538,2789,2073,1937,4095
Blue,3541,2788,2072,1936,4095
Blue,3535,2789,2072,1937,4095
Blue,3537,2791,2069,1935,4095
Blue,3539,2790,2072,1935,4095
Blue,3536,2789,2071,1936,4095
Blue,3537,2789,2070,1937,4095
Blue,3534,2790,2073,1934,4095
Blue,3535,2789,2072,1934,4095
Blue,3538,2787,2071,1935,4095
Blue,3533,2786,2074,1934,4095
Blue,3536,2792,2071,1934,4095
Blue,3537,2789,2071,1934,4095
Blue,3534,2789,2070,1935,4095
Blue,3543,2787,2072,1934,4095
Blue,3536,2787,2071,1934,4095
Blue,3535,2786,2072,1931,4095
Blue,3532,2785,2072,1934,4095
Blue,3534,2787,2072,1933,4095
Blue,3534,2789,2071,1934,4095
Blue,3533,2787,2072,1933,4095
Blue,3534,2790,2071,1935,4095
Blue,3529,2788,2070,1933,4095
Blue,3532,2788,2074,1933,4095
Blue,3529,2787,2070,1932,4095
Blue,3533,2788,2069,1932,4095
Blue,3532,2788,2071,1933,4095
Blue,3532,2788,2071,1933,4095
Blue,3533,2788,2072,1932,4095
Blue,3530,2785,2071,1933,4095
Blue,3528,2788,2071,1932,4095
Blue,3532,2787,2072,1933,4095
Blue,3532,2789,2072,1934,4095
Blue,3530,2788,2072,1933,4095
Blue,3532,2787,2069,1934,4095
Blue,3528,2789,2072,1933,4095
Blue,3531,2787,2070,1931,4095
Blue,3531,2787,2068,1931,4095
Blue,3529,2788,2071,1934,4095
Blue,3530,2787,2072,1931,4095
Blue,3528,2787,2067,1932,4095
Blue,3528,2786,2070,1933,4095
Blue,3529,2789,2069,1933,4095
Blue,3529,2787,2070,1932,4095
Blue,3527,2785,2070,1932,4095
Blue,3524,2786,2070,1933,4095
Blue,3525,2786,2071,1933,4095
Blue,3527,2785,2069,1932,4095
Blue,3525,2782,2070,1932,4095
Blue,3525,2786,2071,1936,4095
Blue,3524,2786,2075,1931,4095
Blue,3522,2785,2070,1933,4095
Blue,3521,2788,2069,1928,4095
Blue,3521,2787,2071,1933,4095
Blue,3520,2785,2071,1932,4095
Blue,3519,2787,2066,1932,4095
Blue,3523,2787,2072,1932,4095
Blue,3520,2786,2071,1933,4095
Blue,3522,2787,2068,1933,4095
Blue,3519,2784,2070,1933,4095
Blue,3519,2783,2069,1933,4095
Blue,3520,2785,2069,1932,4095
Blue,3521,2784,2068,1932,4095
Blue,3524,2784,2069,1932,4095
Blue,3523,2786,2069,1934,4095
Blue,3521,2785,2069,1932,4095
Blue,3523,2788,2071,1933,4095
Blue,3523,2787,2070,1933,4095
Blue,3522,2786,2070,1931,4095
Blue,3521,2786,2066,1932,4095
Blue,3526,2787,2070,1933,4095
Blue,3527,2786,2070,1932,4095
Blue,3520,2786,2072,1938,4095
Blue,3521,2788,2069,1933,4095
Blue,3522,2787,2071,1933,4095
Blue,3519,2786,2070,1933,4095
Blue,3522,2786,2072,1934,4095
Blue,3524,2787,2071,1933,4095
Blue,3528,2788,2070,1933,4095
Blue,3521,2786,2069,1932,4095
Blue,3525,2786,2072,1933,4095
Blue,3526,2787,2069,1934,4095
Blue,3527,2787,2070,1934,4095
Blue,3525,2787,2071,1932,4095
Blue,3527,2787,2070,1934,4095
Blue,3525,2785,2070,1933,4095
Blue,3528,2786,2071,1934,4095
Blue,3524,2788,2070,1934,4095
Blue,3527,2787,2071,1935,4095
Blue,3528,2788,2070,1934,4095
Blue,3526,2785,2072,1935,4095
Blue,3530,2788,2071,1935,4095
Blue,3526,2786,2071,1934,4095
Blue,3527,2787,2072,1934,4095
Blue,3527,2788,2071,1934,4095
Blue,3528,2789,2071,1935,4095
Blue,3528,2786,2071,1935,4095
Blue,3527,2789,2071,1934,4095
Blue,3527,2788,2071,1935,4095
Blue,3531,2789,2068,1931,4095
Blue,3530,2788,2071,1936,4095
Blue,3531,2787,2070,1934,4095
Blue,3530,2789,2071,1930,4095
Blue,3529,2788,2073,1936,4095
Blue,3530,2788,2071,1934,4095
Blue,3532,2789,2072,1935,4095
Blue,3534,2788,2069,1934,4095
Blue,3529,2789,2070,1936,4095
Blue,3530,2789,2071,1936,4095
Blue,3530,2789,2071,1934,4095
Blue,3528,2789,2072,1937,4095
Blue,3531,2787,2072,1934,4095
Blue,3530,2789,2071,1934,4095
Blue,3530,2786,2072,1934,4095
Blue,3527,2789,2072,1935,4095
Blue,3530,2791,2071,1934,4095
Blue,3530,2790,2072,1937,4095
Blue,3529,2784,2072,1936,4095
Blue,3529,2790,2071,1937,4095
Blue,3530,2789,2071,1937,4095
Blue,3529,2786,2070,1937,4095
Blue,3534,2786,2072,1936,4095
Blue,3529,2787,2072,1936,4095
Blue,3529,2788,2072,1934,4095
Blue,3529,2788,2070,1936,4095
Blue,3531,2790,2072,1936,4095
Blue,3531,2788,2072,1937,4095
Blue,3531,2789,2072,1936,4095
Blue,3530,2789,2068,1936,4095
Blue,3531,2788,2071,1937,4095
Blue,3528,2787,2072,1937,4095
Blue,3530,2789,2071,1936,4095
Blue,3531,2790,2070,1935,4095
Blue,3531,2789,2073,1937,4095
Blue,3530,2788,2073,1938,4095
Blue,3528,2787,2072,1938,4095
Blue,3530,2788,2071,1938,4095
Blue,3531,2786,2074,1937,4095
Blue,3531,2790,2071,1939,4095
Blue,3534,2790,2071,1938,4095
Blue,3531,2792,2073,1939,4095
Blue,3529,2789,2072,1939,4095
Blue,3533,2788,2072,1940,4095
Blue,3530,2786,2072,1939,4095
Blue,3530,2782,2073,1937,4095
Blue,3531,2789,2073,1938,4095
Blue,3529,2788,2072,1938,4095
Blue,3532,2788,2072,1939,4095
Blue,3532,2790,2070,1939,4095
Blue,3534,2790,2071,1937,4095
Blue,3531,2788,2073,1937,4095
Blue,3530,2788,2074,1935,4095
Blue,3531,2789,2074,1939,4095
Blue,3531,2791,2073,1939,4095
Blue,3534,2790,2072,1939,4095
Blue,3529,2788,2073,1939,4095
Blue,3533,2789,2072,1941,4095
Blue,3530,2787,2073,1939,4095
Blue,3532,2787,2071,1938,4095
Blue,3532,2790,2071,1939,4095
Blue,3532,2788,2072,1938,4095
Blue,3532,2790,2073,1940,4095
Blue,3536,2788,2074,1939,4095
Blue,3530,2789,2073,1939,4095
Blue,3531,2787,2068,1939,4095
Blue,3530,2788,2073,1939,4095
Blue,3531,2788,2072,1940,4095
Blue,3530,2787,2072,1939,4095
Blue,3531,2785,2072,1939,4095
Blue,3528,2789,2074,1938,4095
Blue,3529,2787,2070,1939,4095
Blue,3530,2787,2073,1938,4095
Blue,3531,2789,2072,1943,4095
Blue,3529,2791,2072,1938,4095
Blue,3529,2789,2072,1939,4095
Blue,3525,2789,2072,1939,4095
Blue,3532,2788,2072,1939,4095
Blue,3530,2788,2072,1939,4095
Blue,3531,2788,2072,1940,4095
Blue,3530,2789,2071,1939,4095
Blue,3530,2788,2069,1939,4095
Blue,3528,2788,2071,1939,4095
Blue,3527,2789,2071,1940,4095
Blue,3528,2788,2072,1938,4095
Blue,3529,2788,2072,1938,4095
Blue,3531,2788,2071,1939,4095
Blue,3529,2787,2072,1936,4095
Blue,3529,2787,2072,1941,4095
Blue,3528,2786,2073,1937,4095
Blue,3526,2786,2072,1938,4095
Blue,3528,2787,2072,1937,4095
Blue,3530,2786,2072,1940,4095
Blue,3526,2786,2071,1938,4095
Blue,3525,2787,2072,1937,4095
Blue,3529,2786,2072,1936,4095
Blue,3527,2785,2073,1939,4095
Blue,3526,2786,2074,1937,4095
Blue,3526,2786,2071,1938,4095
Blue,3527,2786,2072,1938,4095
Blue,3528,2786,2072,1938,4095
Blue,3528,2786,2071,1938,4095
Blue,3528,2787,2073,1940,4095
Blue,3526,2788,2071,1938,4095
Blue,3522,2786,2071,1939,4095
Blue,3522,2786,2071,1938,4095
Blue,3522,2785,2072,1937,4095
Blue,3528,2785,2071,1939,4095
Blue,3527,2787,2071,1937,4095
Blue,3531,2787,2074,1938,4095
Blue,3527,2787,2073,1939,4095
Blue,3528,2784,2072,1937,4095
Blue,3527,2786,2071,1939,4095
Blue,3530,2787,2072,1937,4095
Blue,3525,2786,2071,1937,4095
Blue,3531,2785,2071,1938,4095
Blue,3527,2785,2071,1938,4095
Blue,3525,2786,2072,1936,4095
Blue,3525,2783,2070,1937,4095
Blue,3528,2785,2072,1939,4095
Blue,3524,2785,2070,1937,4095
Blue,3523,2787,2071,1937,4095
Blue,3523,2783,2071,1937,4095
Blue,3519,2784,2071,1937,4095
Blue,3523,2786,2072,1937,4095
Blue,3525,2786,2071,1939,4095
Blue,3529,2787,2071,1936,4095
Blue,3524,2784,2069,1938,4095
Blue,3524,2785,2071,1937,4095
Blue,3524,2785,2070,1938,4095
Blue,3525,2786,2070,1938,4095
Blue,3524,2783,2071,1937,4095
Blue,3525,2785,2071,1938,4095
Blue,3522,2786,2071,1937,4095
Blue,3526,2784,2072,1937,4095
Blue,3524,2783,2071,1937,4095
Blue,3526,2784,2071,1942,4095
Blue,3525,2786,2071,1937,4095
Blue,3526,2785,2074,1938,4095
Blue,3526,2787,2072,1938,4095
Blue,3519,2783,2072,1941,4095
Blue,3521,2787,2073,1938,4095
Blue,3522,2783,2072,1938,4095
Blue,3524,2782,2071,1938,4095
Blue,3521,2784,2071,1939,4095
Blue,3527,2788,2072,1939,4095
Blue,3521,2783,2070,1939,4095
Blue,3527,2787,2071,1939,4095
Blue,3535,2788,2073,1944,4095
Blue,3538,2790,2073,1939,4095
Blue,3544,2790,2074,1943,4095
Blue,3546,2793,2076,1942,4095
Blue,3546,2791,2073,1944,4095
Blue,3533,2791,2072,1943,4095
Blue,3530,2788,2073,1944,4095
Blue,3530,2786,2074,1941,4095
Blue,3531,2788,2074,1942,4095
Blue,3535,2789,2074,1941,4095
Blue,3545,2793,2076,1943,4095
Blue,3546,2791,2073,1944,4095
Blue,3542,2790,2074,1943,4095
Blue,3534,2789,2073,1943,4095
Blue,3529,2787,2073,1942,4095
Blue,3514,2784,2070,1942,4095
Blue,3514,2782,2070,1941,4095
Blue,3516,2781,2071,1942,4095
Blue,3517,2782,2071,1942,4095
Blue,3518,2783,2076,1940,4095
Blue,3530,2787,2073,1944,4095
Blue,3536,2789,2075,1945,4095
Blue,3542,2790,2077,1945,4095
Blue,3540,2790,2075,1946,4095
Blue,3544,2789,2075,1947,4095
Blue,3536,2790,2073,1945,4095
Blue,3517,2783,2072,1943,4095
Blue,3515,2783,2071,1944,4095
Blue,3515,2784,2072,1942,4095
Blue,3522,2783,2071,1945,4095
Blue,3516,2782,2071,1947,4095
Blue,3515,2783,2070,1940,4095
Blue,3513,2782,2072,1944,4095
Blue,3512,2783,2072,1943,4095
Blue,3514,2781,2069,1944,4095
Blue,3509,2780,2070,1943,4095
Blue,3510,2782,2070,1944,4095
Blue,3509,2779,2071,1943,4095
Blue,3509,2781,2071,1945,4095
Blue,3511,2780,2071,1945,4095
Blue,3508,2781,2070,1942,4095
Blue,3510,2782,2070,1940,4095
Blue,3508,2783,2067,1943,4095
Blue,3508,2781,2070,1944,4095
Blue,3507,2783,2067,1942,4095
Blue,3510,2781,2070,1943,4095
Blue,3507,2779,2069,1943,4095
Blue,3504,2779,2070,1945,4095
Blue,3505,2780,2069,1942,4095
Blue,3507,2779,2070,1943,4095
Blue,3503,2780,2070,1943,4095
Blue,3501,2778,2069,1942,4095
Blue,3502,2778,2069,1942,4095
Blue,3501,2780,2069,1941,4095
Blue,3504,2780,2070,1944,4095
Blue,3505,2780,2069,1944,4095
Blue,3504,2781,2069,1944,4095
Blue,3502,2780,2070,1944,4095
Blue,3502,2780,2070,1941,4095
Blue,3501,2779,2070,1945,4095
Blue,3508,2783,2070,1944,4095
Blue,3504,2779,2070,1944,4095
Blue,3508,2781,2070,1945,4095
Blue,3506,2781,2070,1944,4095
Blue,3507,2781,2069,1945,4095
Blue,3508,2781,2070,1947,4095
Blue,3508,2780,2071,1944,4095
Blue,3507,2780,2069,1944,4095
Blue,3506,2780,2070,1944,4095
Blue,3504,2779,2070,1945,4095
Blue,3502,2778,2069,1943,4095
Blue,3502,2779,2070,1943,4095
Blue,3501,2778,2070,1945,4095
Blue,3500,2779,2069,1941,4095
Blue,3502,2780,2070,1944,4095
Blue,3504,2781,2068,1943,4095
Blue,3492,2778,2068,1941,4095
Blue,3498,2779,2066,1941,4095
Blue,3498,2780,2069,1942,4095
Blue,3499,2779,2067,1942,4095
Blue,3499,2778,2067,1942,4095
Blue,3497,2782,2069,1941,4095
Blue,3497,2777,2067,1940,4095
Blue,3498,2778,2067,1940,4095
Blue,3497,2777,2066,1938,4095
Blue,3497,2779,2069,1942,4095
Blue,3498,2777,2068,1941,4095
Blue,3495,2777,2066,1938,4095
Blue,3496,2777,2067,1941,4095
Blue,3496,2777,2065,1939,4095
Blue,3495,2778,2068,1940,4095
Blue,3499,2778,2066,1938,4095
Blue,3495,2777,2067,1941,4095
Blue,3494,2776,2067,1939,4095
Blue,3496,2777,2066,1938,4095
Blue,3488,2775,2066,1937,4095
Blue,3492,2777,2067,1939,4095
Blue,3492,2779,2066,1940,4095
Blue,3492,2776,2066,1939,4095
Blue,3491,2776,2064,1940,4095
Blue,3491,2774,2071,1938,4095
Blue,3496,2777,2067,1938,4095
Blue,3490,2776,2066,1940,4095
Blue,3492,2777,2065,1937,4095
Blue,3490,2773,2066,1937,4095
Blue,3490,2772,2066,1937,4095
Blue,3490,2775,2066,1938,4095
Blue,3491,2774,2064,1936,4095
Blue,3492,2776,2068,1936,4095
Blue,3489,2775,2065,1936,4095
Blue,3491,2776,2067,1936,4095
Blue,3488,2777,2067,1935,4095
Blue,3489,2774,2065,1936,4095
Blue,3487,2775,2064,1935,4095
Blue,3487,2773,2065,1934,4095
Blue,3489,2775,2066,1932,4095
Blue,3488,2773,2065,1932,4095
Blue,3487,2775,2065,1934,4095
Blue,3488,2775,2065,1935,4095
Blue,3488,2776,2064,1933,4095
Blue,3489,2775,2065,1934,4095
Blue,3489,2775,2066,1933,4095
Blue,3484,2773,2061,1932,4095
Blue,3486,2775,2063,1932,4095
Blue,3486,2775,2063,1933,4095
Blue,3486,2773,2067,1932,4095
Blue,3486,2775,2064,1932,4095
Blue,3490,2770,2065,1932,4095
Blue,3488,2774,2062,1932,4095
Blue,3484,2773,2063,1932,4095
Blue,3485,2771,2064,1932,4095
Blue,3484,2773,2064,1932,4095
Blue,3485,2774,2064,1931,4095
Blue,3486,2773,2064,1932,4095
Blue,3486,2774,2063,1932,4095
Blue,3482,2774,2062,1929,4095
Blue,3485,2773,2063,1931,4095
Blue,3485,2775,2064,1931,4095
Blue,3482,2773,2064,1929,4095
Blue,3486,2776,2064,1931,4095
Blue,3485,2773,2065,1931,4095
Blue,3485,2774,2064,1930,4095
Blue,3486,2775,2064,1931,4095
Blue,3484,2772,2062,1931,4095
Blue,3482,2774,2063,1931,4095
Blue,3482,2774,2063,1932,4095
Blue,3488,2772,2062,1935,4095
Blue,3484,2772,2064,1931,4095
Blue,3486,2773,2063,1932,4095
Blue,3486,2773,2062,1932,4095
Blue,3482,2773,2061,1930,4095
Blue,3484,2775,2061,1930,4095
Blue,3478,2773,2063,1934,4095
Blue,3485,2774,2064,1930,4095
Blue,3483,2775,2063,1931,4095
Blue,3484,2772,2064,1930,4095
Blue,3484,2773,2062,1930,4095
Blue,3484,2773,2065,1930,4095
Blue,3483,2776,2064,1931,4095
Blue,3483,2774,2064,1928,4095
Blue,3485,2773,2066,1933,4095
Blue,3485,2775,2064,1931,4095
Blue,3488,2774,2064,1932,4095
Blue,3484,2774,2065,1931,4095
Blue,3487,2775,2065,1931,4095
Blue,3487,2774,2063,1932,4095
Blue,3482,2772,2064,1931,4095
Blue,3484,2772,2064,1929,4095
Blue,3484,2773,2065,1931,4095
Blue,3486,2773,2063,1931,4095
Blue,3482,2775,2064,1930,4095
Blue,3483,2772,2064,1931,4095
Blue,3485,2775,2064,1931,4095
Blue,3486,2771,2063,1932,4095
Blue,3483,2774,2067,1933,4095
Blue,3484,2775,2065,1928,4095
Blue,3484,2775,2063,1930,4095
Blue,3486,2773,2063,1932,4095
Blue,3485,2774,2065,1930,4095
Blue,3484,2775,2063,1932,4095
Blue,3485,2773,2062,1931,4095
Blue,3486,2774,2064,1932,4095
Blue,3487,2780,2061,1932,4095
Blue,3488,2774,2064,1931,4095
Blue,3489,2776,2063,1931,4095
Blue,3488,2773,2060,1934,4095
Blue,3488,2773,2066,1932,4095
Blue,3487,2777,2063,1932,4095
Blue,3490,2775,2065,1931,4095
Blue,3487,2775,2062,1931,4095
Blue,3488,2776,2064,1929,4095
Blue,3492,2776,2065,1930,4095
Blue,3490,2775,2062,1929,4095
Blue,3490,2775,2065,1930,4095
Blue,3492,2772,2063,1930,4095
Blue,3492,2775,2066,1931,4095
Blue,3491,2777,2069,1928,4095
Blue,3491,2776,2065,1931,4095
Blue,3494,2775,2065,1931,4095
Blue,3491,2776,2065,1931,4095
Blue,3492,2775,2070,1929,4095
Blue,3492,2776,2064,1930,4095
Blue,3491,2776,2064,1930,4095
Blue,3492,2775,2065,1932,4095
Blue,3494,2776,2065,1930,4095
Blue,3492,2777,2065,1932,4095
Blue,3492,2775,2063,1929,4095
Blue,3494,2776,2066,1931,4095
Blue,3490,2776,2064,1931,4095
Blue,3492,2777,2064,1931,4095
Blue,3496,2778,2065,1932,4095
Blue,3497,2774,2065,1931,4095
Blue,3492,2776,2065,1931,4095
Blue,3495,2776,2064,1928,4095
Blue,3493,2776,2065,1931,4095
Blue,3493,2776,2065,1930,4095
Blue,3492,2777,2064,1931,4095
Blue,3491,2776,2065,1930,4095
Blue,3493,2775,2064,1929,4095
Blue,3494,2775,2065,1932,4095
Blue,3492,2777,2065,1931,4095
Blue,3491,2777,2066,1930,4095
Blue,3494,2775,2065,1931,4095
Blue,3495,2779,2065,1931,4095
Blue,3494,2776,2065,1933,4095
Blue,3493,2776,2065,1930,4095
Blue,3496,2777,2065,1931,4095
Blue,3495,2776,2066,1930,4095
Blue,3494,2778,2065,1932,4095
Blue,3495,2776,2066,1932,4095
Blue,3493,2775,2066,1932,4095
Blue,3495,2776,2067,1931,4095
Blue,3496,2779,2065,1932,4095
Blue,3498,2778,2066,1932,4095
Blue,3492,2777,2065,1933,4095
Blue,3496,2778,2066,1934,4095
Blue,3495,2778,2066,1932,4095
Blue,3502,2778,2066,1932,4095
Blue,3499,2778,2066,1931,4095
Blue,3498,2779,2066,1934,4095
Blue,3499,2778,2067,1933,4095
Blue,3498,2779,2064,1934,4095
Blue,3498,2778,2067,1934,4095
Blue,3500,2779,2066,1934,4095
Blue,3498,2778,2067,1932,4095
Blue,3497,2776,2067,1933,4095
Blue,3499,2778,2068,1934,4095
Blue,3500,2778,2067,1935,4095
Blue,3500,2778,2066,1933,4095
Blue,3500,2778,2066,1933,4095
Blue,3503,2779,2067,1932,4095
Blue,3499,2780,2067,1932,4095
Blue,3505,2780,2068,1931,4095
Blue,3503,2780,2066,1931,4095
Blue,3501,2782,2066,1932,4095
Blue,3507,2779,2068,1931,4095
Blue,3503,2780,2066,1931,4095
Blue,3502,2781,2067,1932,4095
Blue,3502,2778,2067,1932,4095
Blue,3503,2782,2065,1929,4095
Blue,3509,2780,2067,1929,4095
Blue,3505,2781,2067,1930,4095
Blue,3507,2779,2066,1930,4095
Blue,3506,2780,2066,1931,4095
Blue,3506,2781,2067,1929,4095
Blue,3507,2780,2067,1929,4095
Blue,3505,2781,2067,1929,4095
Blue,3508,2782,2067,1930,4095
Blue,3508,2780,2069,1930,4095
Blue,3510,2779,2066,1930,4095
Blue,3507,2781,2067,1929,4095
Blue,3507,2782,2066,1928,4095
Blue,3509,2782,2066,1930,4095
Blue,3508,2785,2068,1930,4095
Blue,3510,2783,2066,1928,4095
Blue,3510,2782,2069,1929,4095
Blue,3509,2780,2065,1929,4095
Blue,3508,2782,2067,1929,4095
Blue,3509,2782,2069,1928,4095
Blue,3511,2781,2067,1930,4095
Blue,3510,2780,2067,1929,4095
Blue,3510,2782,2068,1927,4095
Blue,3512,2781,2068,1927,4095
Blue,3511,2783,2064,1929,4095
Blue,3511,2783,2070,1930,4095
Blue,3510,2784,2067,1930,4095
Blue,3513,2782,2066,1927,4095
Blue,3512,2779,2067,1929,4095
Blue,3517,2783,2068,1929,4095
Blue,3513,2783,2070,1925,4095
Blue,3514,2782,2067,1929,4095
Blue,3513,2781,2068,1930,4095
Blue,3515,2783,2065,1927,4095
Blue,3513,2782,2069,1929,4095
Blue,3514,2783,2068,1929,4095
Blue,3514,2783,2069,1929,4095
Blue,3515,2782,2069,1929,4095
Blue,3515,2784,2069,1930,4095
Blue,3515,2784,2068,1932,4095
Blue,3514,2784,2067,1927,4095
Blue,3514,2785,2069,1928,4095
Blue,3517,2785,2068,1933,4095
Blue,3516,2783,2068,1929,4095
Blue,3517,2784,2069,1930,4095
Blue,3518,2785,2068,1933,4095
Blue,3515,2784,2069,1928,4095
Blue,3515,2782,2068,1928,4095
Blue,3519,2785,2068,1929,4095
Blue,3518,2784,2069,1930,4095
Blue,3516,2785,2068,1930,4095
Blue,3516,2786,2069,1929,4095
Blue,3520,2785,2065,1928,4095
Blue,3523,2785,2069,1929,4095
Blue,3518,2783,2068,1928,4095
Blue,3519,2785,2071,1929,4095
Blue,3518,2785,2070,1928,4095
Blue,3520,2783,2069,1929,4095
Blue,3518,2786,2069,1929,4095
Blue,3518,2783,2069,1929,4095
Blue,3520,2785,2066,1930,4095
Blue,3519,2785,2070,1927,4095
Blue,3518,2786,2070,1930,4095
Blue,3520,2789,2070,1928,4095
Blue,3521,2786,2069,1928,4095
Blue,3523,2786,2071,1930,4095
Blue,3522,2786,2069,1930,4095
Blue,3520,2786,2069,1929,4095
Blue,3524,2786,2073,1929,4095
Blue,3524,2786,2069,1929,4095
Blue,3522,2784,2070,1931,4095
Blue,3523,2785,2067,1930,4095
Blue,3523,2786,2070,1929,4095
Blue,3521,2787,2068,1930,4095
Blue,3526,2784,2070,1929,4095
Blue,3522,2788,2069,1928,4095
Blue,3526,2785,2069,1930,4095
Blue,3521,2785,2070,1929,4095
Blue,3522,2786,2069,1929,4095
Blue,3524,2786,2071,1929,4095
Blue,3523,2786,2069,1928,4095
Blue,3532,2787,2069,1931,4095
Blue,3523,2786,2070,1930,4095
Blue,3524,2784,2070,1930,4095
Blue,3524,2788,2070,1929,4095
Blue,3523,2786,2070,1929,4095
Blue,3527,2787,2069,1930,4095
Blue,3524,2791,2070,1930,4095
Blue,3526,2787,2069,1930,4095
Blue,3526,2785,2069,1931,4095
Blue,3523,2787,2070,1929,4095
Blue,3523,2785,2070,1930,4095
Blue,3529,2786,2070,1930,4095
Blue,3526,2786,2069,1929,4095
Blue,3524,2785,2069,1929,4095
Blue,3527,2787,2071,1930,4095
Blue,3528,2785,2069,1932,4095
Blue,3521,2787,2069,1930,4095
Blue,3528,2786,2069,1931,4095
Blue,3525,2784,2070,1931,4095
Blue,3527,2786,2069,1931,4095
Blue,3523,2785,2068,1931,4095
Blue,3523,2786,2069,1930,4095
Blue,3525,2789,2071,1928,4095
Blue,3525,2787,2071,1934,4095
Blue,3525,2785,2070,1931,4095
Blue,3524,2786,2069,1930,4095
Blue,3526,2784,2070,1930,4095
Blue,3520,2786,2070,1930,4095
Blue,3520,2785,2069,1930,4095
Blue,3523,2785,2070,1931,4095
Blue,3524,2786,2070,1931,4095
Blue,3521,2784,2072,1931,4095
Blue,3521,2787,2070,1931,4095
Blue,3527,2786,2070,1929,4095
Blue,3521,2786,2070,1929,4095
Blue,3523,2786,2071,1929,4095
Blue,3523,2785,2069,1927,4095
Blue,3522,2786,2068,1932,4095
Blue,3527,2785,2070,1931,4095
Blue,3520,2786,2070,1930,4095
Blue,3520,2786,2068,1930,4095
Blue,3522,2787,2068,1929,4095
Blue,3523,2786,2070,1931,4095
Blue,3519,2785,2070,1930,4095
Blue,3522,2783,2068,1930,4095
Blue,3521,2786,2069,1928,4095
Blue,3523,2784,2070,1931,4095
Blue,3521,2786,2070,1931,4095
Blue,3519,2784,2068,1931,4095
Blue,3522,2789,2070,1928,4095
Blue,3526,2784,2070,1931,4095
Blue,3523,2785,2070,1932,4095
Blue,3522,2785,2068,1930,4095
Blue,3520,2783,2069,1931,4095
Blue,3518,2784,2069,1930,4095
Blue,3523,2785,2069,1932,4095
Blue,3518,2785,2070,1932,4095
Blue,3522,2785,2068,1932,4095
Blue,3523,2785,2068,1931,4095
Blue,3521,2789,2069,1931,4095
Blue,3521,2786,2070,1931,4095
Blue,3522,2787,2069,1930,4095
Blue,3518,2786,2069,1930,4095
Blue,3524,2785,2070,1932,4095
Blue,3520,2786,2068,1930,4095
Blue,3521,2784,2068,1932,4095
Blue,3520,2787,2070,1929,4095
Blue,3519,2786,2069,1930,4095
Blue,3519,2785,2069,1928,4095
Blue,3525,2785,2069,1927,4095
Blue,3522,2786,2072,1930,4095
Blue,3520,2786,2069,1929,4095
Blue,3521,2788,2070,1931,4095
Blue,3520,2786,2070,1930,4095
Blue,3527,2786,2070,1930,4095
Blue,3521,2786,2070,1932,4095
Blue,3519,2785,2070,1932,4095
Blue,3523,2786,2070,1932,4095
Blue,3522,2785,2068,1932,4095
Blue,3521,2787,2072,1931,4095
Blue,3522,2786,2070,1930,4095
Blue,3522,2786,2070,1931,4095
Blue,3524,2785,2070,1931,4095
Blue,3519,2785,2069,1932,4095
Blue,3524,2784,2069,1931,4095
Blue,3523,2784,2070,1933,4095
Blue,3522,2786,2072,1926,4095
Blue,3520,2786,2070,1930,4095
Blue,3522,2785,2068,1929,4095
Blue,3521,2784,2071,1930,4095
Blue,3520,2785,2069,1930,4095
Blue,3521,2786,2070,1929,4095
Blue,3519,2784,2068,1930,4095
Blue,3515,2786,2069,1931,4095
Blue,3521,2785,2068,1926,4095
Blue,3519,2784,2069,1931,4095
Blue,3520,2788,2071,1929,4095
Blue,3518,2784,2069,1930,4095
Blue,3519,2782,2069,1930,4095
Blue,3521,2782,2068,1929,4095
Blue,3520,2782,2068,1929,4095
Blue,3520,2784,2069,1932,4095
Blue,3515,2783,2069,1928,4095
Blue,3518,2783,2070,1926,4095
Blue,3519,2785,2067,1930,4095
Blue,3518,2784,2066,1930,4095
Blue,3516,2785,2069,1930,4095
Blue,3515,2783,2069,1928,4095
Blue,3514,2783,2068,1929,4095
Blue,3514,2785,2069,1930,4095
Blue,3516,2784,2068,1929,4095
Blue,3518,2783,2068,1931,4095
Blue,3519,2785,2068,1930,4095
Blue,3520,2784,2069,1931,4095
Blue,3517,2783,2064,1931,4095
Blue,3518,2784,2069,1930,4095
Blue,3515,2784,2069,1932,4095
Blue,3514,2784,2068,1930,4095
Blue,3518,2783,2069,1928,4095
Blue,3511,2782,2068,1930,4095
Blue,3515,2784,2067,1929,4095
Blue,3515,2783,2069,1930,4095
Blue,3515,2783,2066,1930,4095
Blue,3515,2783,2071,1931,4095
Blue,3514,2782,2069,1930,4095
Blue,3518,2784,2069,1930,4095
Blue,3512,2783,2069,1932,4095
Blue,3513,2782,2069,1931,4095
Blue,3512,2783,2069,1928,4095
Blue,3514,2782,2068,1932,4095
Blue,3512,2783,2069,1932,4095
Blue,3513,2783,2067,1935,4095
Blue,3518,2782,2069,1932,4095
Blue,3515,2782,2069,1931,4095
Blue,3514,2783,2068,1931,4095
Blue,3515,2782,2069,1933,4095
Blue,3516,2784,2070,1931,4095
Blue,3516,2785,2068,1931,4095
Blue,3511,2782,2068,1932,4095
Blue,3513,2785,2069,1932,4095
Blue,3517,2783,2069,1932,4095
Blue,3513,2783,2068,1936,4095
Blue,3516,2784,2069,1933,4095
Blue,3515,2784,2069,1932,4095
Blue,3515,2782,2067,1932,4095
Blue,3514,2781,2068,1927,4095
Blue,3517,2782,2069,1934,4095
Blue,3517,2781,2069,1934,4095
Blue,3515,2783,2069,1934,4095
Blue,3516,2784,2069,1935,4095
Blue,3514,2785,2070,1933,4095
Blue,3516,2783,2069,1937,4095
Blue,3516,2785,2069,1934,4095
Blue,3516,2784,2072,1938,4095
Blue,3515,2783,2069,1938,4095
Blue,3517,2784,2072,1937,4095
Blue,3516,2785,2070,1937,4095
Blue,3512,2786,2070,1935,4095
Blue,3514,2785,2070,1937,4095
Blue,3514,2784,2070,1934,4095
Blue,3512,2788,2070,1935,4095
Blue,3513,2785,2070,1936,4095
Blue,3518,2783,2069,1939,4095
Blue,3514,2782,2070,1934,4095
Blue,3512,2784,2069,1934,4095
Blue,3513,2781,2069,1938,4095
Blue,3513,2784,2069,1939,4095
Blue,3512,2782,2069,1937,4095
Blue,3513,2783,2068,1935,4095
Blue,3511,2785,2070,1935,4095
Blue,3509,2782,2069,1938,4095
Blue,3513,2786,2069,1939,4095
Blue,3514,2780,2070,1937,4095
Blue,3515,2784,2070,1937,4095
Blue,3512,2783,2068,1937,4095
Blue,3512,2783,2069,1938,4095
Blue,3513,2786,2070,1938,4095
Blue,3512,2785,2069,1938,4095
Blue,3509,2782,2067,1936,4095
Blue,3511,2779,2069,1936,4095
Blue,3515,2782,2069,1939,4095
Blue,3511,2782,2067,1935,4095
Blue,3510,2781,2069,1936,4095
Blue,3509,2779,2069,1937,4095
Blue,3507,2783,2070,1939,4095
Blue,3510,2784,2068,1936,4095
Blue,3509,2782,2069,1938,4095
Blue,3509,2781,2069,1937,4095
Blue,3511,2781,2068,1936,4095
Blue,3511,2781,2069,1936,4095
Blue,3509,2781,2068,1936,4095
Blue,3508,2781,2068,1935,4095
Blue,3508,2780,2068,1937,4095
Blue,3508,2780,2067,1936,4095
Blue,3509,2782,2069,1937,4095
Blue,3507,2781,2069,1939,4095
Blue,3502,2781,2066,1937,4095
Blue,3505,2780,2067,1937,4095
Blue,3505,2779,2068,1932,4095
Blue,3506,2782,2068,1937,4095
Blue,3506,2776,2068,1935,4095
Blue,3502,2780,2068,1935,4095
Blue,3503,2781,2067,1935,4095
Blue,3506,2781,2069,1934,4095
Blue,3501,2779,2067,1935,4095
Blue,3502,2783,2065,1937,4095
Blue,3502,2777,2068,1936,4095
Blue,3501,2779,2067,1937,4095
Blue,3501,2778,2067,1935,4095
Blue,3498,2779,2068,1936,4095
Blue,3499,2779,2067,1934,4095
Blue,3498,2774,2066,1934,4095
Blue,3495,2777,2065,1936,4095
Blue,3491,2776,2065,1933,4095
Blue,3490,2776,2065,1935,4095
Blue,3494,2775,2065,1936,4095
Blue,3490,2776,2060,1933,4095
Blue,3489,2775,2064,1936,4095
Blue,3490,2774,2064,1934,4095
Blue,3489,2774,2064,1933,4095
Blue,3485,2771,2065,1934,4095
Blue,3484,2774,2065,1933,4095
Blue,3489,2773,2064,1932,4095
Blue,3489,2772,2063,1934,4095
Blue,3484,2772,2062,1933,4095
Blue,3483,2774,2064,1933,4095
Blue,3482,2772,2063,1933,4095
Blue,3484,2772,2062,1933,4095
Blue,3482,2772,2060,1931,4095
Blue,3482,2773,2063,1934,4095
Blue,3482,2772,2064,1931,4095
Blue,3480,2771,2062,1933,4095
Blue,3483,2772,2062,1932,4095
Blue,3482,2776,2063,1932,4095
Blue,3482,2771,2063,1933,4095
Blue,3483,2771,2062,1933,4095
Blue,3481,2773,2062,1934,4095
Blue,3483,2772,2064,1935,4095
Blue,3481,2771,2063,1933,4095
Blue,3479,2771,2062,1934,4095
Blue,3483,2772,2063,1934,4095
Blue,3482,2772,2062,1935,4095
Blue,3482,2771,2063,1935,4095
Blue,3481,2771,2064,1935,4095
Blue,3481,2771,2062,1935,4095
Blue,3481,2772,2062,1935,4095
Blue,3480,2771,2065,1936,4095
Blue,3480,2771,2061,1935,4095
Blue,3480,2772,2062,1937,4095
Blue,3484,2771,2062,1934,4095
Blue,3478,2769,2064,1935,4095
Blue,3480,2772,2063,1937,4095
Blue,3478,2771,2062,1934,4095
Blue,3480,2772,2063,1936,4095
Blue,3481,2772,2060,1937,4095
Blue,3480,2774,2061,1937,4095
Blue,3480,2771,2059,1937,4095
Blue,3478,2771,2062,1936,4095
Blue,3479,2771,2064,1937,4095
Blue,3478,2772,2061,1939,4095
Blue,3481,2772,2063,1936,4095
Blue,3480,2771,2063,1936,4095
Blue,3479,2770,2060,1936,4095
Blue,3478,2772,2062,1937,4095
Blue,3479,2775,2062,1937,4095
Blue,3480,2769,2062,1936,4095
Blue,3480,2772,2063,1937,4095
Blue,3480,2771,2063,1936,4095
Blue,3476,2771,2063,1938,4095
Blue,3481,2772,2063,1936,4095
Blue,3483,2773,2062,1939,4095
Blue,3480,2772,2063,1938,4095
Blue,3480,2772,2067,1937,4095
Blue,3482,2772,2063,1937,4095
Blue,3482,2775,2065,1938,4095
Blue,3483,2773,2064,1939,4095
Blue,3476,2772,2063,1940,4095
Blue,3482,2776,2066,1940,4095
Blue,3481,2772,2064,1940,4095
Blue,3487,2773,2063,1940,4095
Blue,3482,2772,2064,1939,4095
Blue,3481,2771,2061,1941,4095
Blue,3482,2772,2063,1940,4095
Blue,3480,2771,2063,1936,4095
Blue,3483,2772,2066,1940,4095
Blue,3482,2770,2064,1938,4095
Blue,3482,2771,2065,1940,4095
Blue,3484,2773,2064,1940,4095
Blue,3483,2770,2064,1940,4095
Blue,3482,2774,2065,1938,4095
Blue,3485,2772,2063,1939,4095
Blue,3481,2773,2063,1941,4095
Blue,3482,2772,2065,1942,4095
Blue,3481,2772,2063,1943,4095
Blue,3482,2772,2064,1940,4095
Blue,3483,2770,2062,1940,4095
Blue,3481,2772,2065,1940,4095
Blue,3480,2773,2063,1941,4095
Blue,3481,2770,2064,1939,4095
Blue,3481,2772,2065,1940,4095
Blue,3481,2772,2062,1941,4095
Blue,3481,2771,2064,1943,4095
Blue,3482,2771,2063,1941,4095
Blue,3476,2770,2062,1942,4095
Blue,3480,2771,2064,1939,4095
Blue,3479,2769,2062,1943,4095
Blue,3480,2772,2063,1940,4095
Blue,3480,2770,2064,1944,4095
Blue,3481,2770,2065,1944,4095
Blue,3481,2771,2061,1943,4095
Blue,3480,2769,2066,1942,4095
Blue,3481,2770,2062,1943,4095
Blue,3482,2770,2064,1943,4095
Blue,3482,2772,2063,1943,4095
Blue,3483,2772,2061,1943,4095
Blue,3483,2769,2064,1944,4095
Blue,3484,2772,2064,1942,4095
Blue,3484,2771,2065,1939,4095
Blue,3481,2772,2064,1942,4095
Blue,3483,2771,2062,1943,4095
Blue,3483,2771,2062,1945,4095
Blue,3481,2772,2065,1941,4095
Blue,3482,2773,2064,1943,4095
Blue,3481,2770,2064,1944,4095
Blue,3481,2767,2063,1942,4095
Blue,3483,2769,2063,1946,4095
Blue,3482,2771,2062,1944,4095
Blue,3484,2771,2064,1943,4095
Blue,3482,2772,2064,1943,4095
Blue,3481,2772,2063,1943,4095
Blue,3480,2772,2063,1942,4095
Blue,3480,2772,2064,1942,4095
Blue,3480,2771,2061,1946,4095
Blue,3480,2771,2064,1939,4095
Blue,3480,2771,2064,1943,4095
Blue,3483,2773,2066,1943,4095
Blue,3481,2770,2063,1944,4095
Blue,3481,2773,2063,1944,4095
Blue,3482,2771,2064,1944,4095
Blue,3480,2773,2064,1943,4095
Blue,3479,2771,2063,1944,4095
Blue,3483,2772,2064,1947,4095
Blue,3479,2772,2064,1944,4095
Blue,3481,2772,2064,1942,4095
Blue,3484,2772,2065,1944,4095
Blue,3480,2773,2064,1944,4095
Blue,3484,2772,2064,1942,4095
Blue,3480,2770,2064,1943,4095
Blue,3482,2773,2064,1945,4095
Blue,3481,2772,2065,1945,4095
Blue,3483,2772,2063,1944,4095
Blue,3481,2771,2065,1945,4095
Blue,3480,2772,2063,1942,4095
Blue,3482,2772,2064,1944,4095
Blue,3481,2768,2061,1943,4095
Blue,3483,2770,2063,1943,4095
Blue,3484,2774,2066,1944,4095
Blue,3483,2774,2064,1944,4095
Blue,3485,2776,2065,1944,4095
Blue,3484,2775,2065,1943,4095
Blue,3486,2774,2064,1944,4095
Blue,3486,2773,2065,1947,4095
Blue,3495,2775,2066,1947,4095
Blue,3491,2775,2066,1944,4095
Blue,3490,2775,2062,1948,4095
Blue,3491,2775,2065,1944,4095
Blue,3493,2776,2070,1944,4095
Blue,3493,2776,2066,1945,4095
Blue,3491,2774,2066,1944,4095
Blue,3493,2773,2067,1944,4095
Blue,3492,2776,2067,1944,4095
Blue,3489,2773,2066,1944,4095
Blue,3492,2776,2068,1944,4095
Blue,3490,2775,2067,1946,4095
Blue,3492,2776,2068,1942,4095
Blue,3492,2777,2069,1946,4095
Blue,3494,2774,2068,1946,4095
Blue,3499,2779,2067,1947,4095
Blue,3497,2779,2069,1948,4095
Blue,3499,2779,2069,1949,4095
Blue,3509,2779,2069,1949,4095
Blue,3504,2781,2070,1950,4095
Blue,3507,2782,2071,1949,4095
Blue,3509,2784,2071,1950,4095
Blue,3508,2783,2072,1950,4095
Blue,3515,2781,2072,1951,4095
Blue,3514,2783,2072,1952,4095
Blue,3514,2785,2072,1950,4095
Blue,3510,2786,2073,1950,4095
Blue,3517,2785,2074,1952,4095
Blue,3519,2786,2074,1953,4095
Blue,3517,2781,2074,1951,4095
Blue,3521,2787,2073,1951,4095
Blue,3519,2786,2073,1950,4095
Blue,3522,2784,2073,1952,4095
Blue,3521,2785,2073,1950,4095
Blue,3529,2785,2073,1950,4095
Blue,3523,2787,2074,1951,4095
Blue,3525,2786,2073,1950,4095
Blue,3522,2781,2074,1949,4095
Blue,3523,2785,2073,1951,4095
Blue,3525,2787,2073,1951,4095
Blue,3527,2787,2073,1951,4095
Blue,3528,2785,2073,1948,4095
Blue,3528,2787,2074,1953,4095
Blue,3528,2788,2075,1951,4095
Blue,3531,2787,2073,1951,4095
Blue,3530,2786,2075,1952,4095
Blue,3532,2787,2075,1951,4095
Blue,3533,2790,2074,1952,4095
Blue,3529,2786,2076,1952,4095
Blue,3537,2790,2075,1953,4095
Blue,3534,2790,2075,1948,4095
Blue,3532,2787,2073,1951,4095
Blue,3533,2788,2074,1951,4095
Blue,3534,2787,2073,1949,4095
Blue,3536,2791,2074,1950,4095
Blue,3531,2788,2073,1952,4095
Blue,3537,2789,2076,1952,4095
Blue,3533,2788,2075,1954,4095
Blue,3535,2788,2074,1952,4095
Blue,3535,2787,2076,1952,4095
Blue,3537,2788,2075,1951,4095
Blue,3537,2788,2074,1953,4095
Blue,3536,2790,2074,1951,4095
Blue,3535,2788,2074,1951,4095
Blue,3533,2790,2075,1949,4095
Blue,3530,2786,2074,1951,4095
Blue,3535,2787,2075,1950,4095
Blue,3528,2786,2074,1950,4095
Blue,3530,2787,2074,1950,4095
Blue,3529,2787,2075,1949,4095
Blue,3528,2787,2073,1949,4095
Blue,3530,2787,2073,1949,4095
Blue,3521,2786,2073,1948,4095
Blue,3529,2785,2073,1951,4095
Blue,3529,2787,2072,1949,4095
Blue,3527,2785,2074,1948,4095
Blue,3525,2786,2074,1948,4095
Blue,3526,2786,2072,1949,4095
Blue,3522,2786,2073,1947,4095
Blue,3525,2785,2073,1948,4095
Blue,3523,2784,2072,1946,4095
Blue,3523,2783,2075,1948,4095
Blue,3524,2781,2072,1947,4095
Blue,3524,2784,2072,1949,4095
Blue,3516,2786,2072,1950,4095
Blue,3521,2784,2070,1946,4095
Blue,3520,2784,2071,1942,4095
Blue,3520,2783,2074,1946,4095
Blue,3519,2786,2071,1947,4095
Blue,3522,2783,2071,1946,4095
Blue,3521,2785,2072,1944,4095
Blue,3521,2782,2072,1946,4095
Blue,3521,2783,2072,1944,4095
Blue,3520,2782,2073,1945,4095
Blue,3518,2782,2071,1945,4095
Blue,3520,2780,2072,1945,4095
Blue,3518,2785,2071,1945,4095
Blue,3518,2783,2072,1946,4095
Blue,3520,2783,2072,1945,4095
Blue,3520,2785,2069,1946,4095
Blue,3518,2781,2073,1945,4095
Blue,3519,2785,2073,1944,4095
Blue,3520,2786,2071,1946,4095
Blue,3523,2782,2073,1945,4095
Blue,3526,2784,2072,1947,4095
Blue,3524,2784,2072,1945,4095
Blue,3523,2785,2074,1945,4095
Blue,3524,2783,2072,1946,4095
Blue,3524,2783,2075,1945,4095
Blue,3521,2786,2071,1946,4095
Blue,3522,2783,2069,1945,4095
Blue,3520,2784,2072,1947,4095
Blue,3520,2783,2073,1943,4095
Blue,3523,2784,2070,1944,4095
Blue,3520,2781,2072,1946,4095
Blue,3518,2783,2071,1944,4095
Blue,3519,2782,2072,1944,4095
Blue,3519,2782,2071,1945,4095
Blue,3517,2783,2070,1942,4095
Blue,3517,2782,2075,1942,4095
Blue,3518,2782,2070,1944,4095
Blue,3516,2781,2070,1943,4095
Blue,3516,2784,2071,1943,4095
Blue,3513,2779,2071,1943,4095
Blue,3514,2780,2070,1938,4095
Blue,3512,2781,2071,1941,4095
Blue,3513,2781,2071,1941,4095
Blue,3510,2776,2069,1942,4095
Blue,3509,2779,2068,1942,4095
Blue,3509,2779,2069,1942,4095
Blue,3511,2778,2071,1943,4095
Blue,3511,2779,2070,1942,4095
Blue,3514,2779,2070,1943,4095
Blue,3513,2783,2071,1943,4095
Blue,3511,2783,2069,1942,4095
Blue,3507,2779,2069,1940,4095
Blue,3510,2781,2069,1942,4095
Blue,3511,2780,2070,1942,4095
Blue,3516,2779,2069,1942,4095
Blue,3512,2779,2072,1941,4095
Blue,3513,2780,2069,1944,4095
Blue,3514,2779,2068,1944,4095
Blue,3511,2781,2071,1943,4095
Blue,3510,2779,2070,1941,4095
Blue,3514,2779,2070,1944,4095
Blue,3513,2780,2070,1944,4095
Blue,3515,2780,2070,1944,4095
Blue,3516,2781,2069,1944,4095
Blue,3514,2783,2068,1945,4095
Blue,3518,2782,2072,1945,4095
Blue,3522,2781,2072,1944,4095
Blue,3526,2784,2073,1945,4095
Blue,3527,2783,2073,1945,4095
Blue,3524,2785,2072,1945,4095
Blue,3527,2784,2072,1947,4095
Blue,3528,2786,2073,1946,4095
Blue,3529,2785,2073,1946,4095
Blue,3530,2786,2074,1944,4095
Blue,3532,2784,2073,1947,4095
Blue,3531,2786,2073,1946,4095
Blue,3529,2789,2074,1947,4095
Blue,3533,2790,2073,1946,4095
Blue,3535,2787,2073,1947,4095
Blue,3530,2788,2074,1950,4095
Blue,3531,2787,2073,1948,4095
Blue,3535,2787,2073,1948,4095
Blue,3533,2785,2067,1948,4095
Blue,3535,2785,2074,1948,4095
Blue,3533,2787,2073,1947,4095
Blue,3536,2787,2074,1947,4095
Blue,3533,2787,2074,1949,4095
Blue,3535,2788,2075,1945,4095
Blue,3534,2783,2074,1950,4095
Blue,3534,2788,2074,1948,4095
Blue,3531,2787,2075,1949,4095
Blue,3538,2789,2075,1949,4095
Blue,3528,2789,2074,1948,4095
Blue,3536,2787,2075,1950,4095
Blue,3536,2787,2077,1948,4095
Blue,3534,2785,2073,1951,4095
Blue,3536,2786,2074,1950,4095
Blue,3539,2786,2074,1948,4095
Blue,3539,2789,2075,1950,4095
Blue,3538,2786,2074,1951,4095
Blue,3536,2788,2073,1949,4095
Blue,3537,2788,2073,1951,4095
Blue,3535,2789,2074,1948,4095
Blue,3536,2788,2074,1949,4095
Blue,3537,2789,2073,1948,4095
Blue,3533,2791,2073,1948,4095
Blue,3537,2787,2074,1950,4095
Blue,3534,2788,2073,1948,4095
Blue,3536,2786,2075,1951,4095
Blue,3538,2788,2076,1944,4095
Blue,3537,2789,2073,1949,4095
Blue,3535,2788,2074,1948,4095
Blue,3534,2789,2075,1948,4095
Blue,3537,2787,2074,1947,4095
Blue,3535,2787,2074,1950,4095
Blue,3538,2788,2073,1951,4095
Blue,3536,2788,2075,1948,4095
Blue,3539,2787,2075,1949,4095
Blue,3539,2787,2075,1948,4095
Blue,3538,2789,2073,1949,4095
Blue,3540,2788,2074,1951,4095
Blue,3539,2788,2074,1949,4095
Blue,3540,2789,2074,1949,4095
Blue,3534,2788,2074,1951,4095
Blue,3539,2787,2074,1950,4095
Blue,3538,2788,2074,1948,4095
Blue,3537,2787,2073,1947,4095
Blue,3537,2787,2074,1951,4095
Blue,3540,2787,2075,1948,4095
Blue,3540,2789,2074,1949,4095
Blue,3539,2786,2075,1948,4095
Blue,3539,2789,2076,1951,4095
Blue,3538,2789,2075,1949,4095
Blue,3539,2788,2075,1952,4095
Blue,3542,2788,2075,1949,4095
Blue,3538,2788,2079,1949,4095
Blue,3540,2789,2072,1951,4095
Blue,3541,2787,2076,1950,4095
Blue,3537,2790,2074,1950,4095
Blue,3539,2785,2074,1950,4095
Blue,3540,2788,2076,1951,4095
Blue,3538,2790,2076,1951,4095
Blue,3541,2786,2075,1949,4095
Blue,3542,2788,2075,1949,4095
Blue,3542,2788,2075,1951,4095
Blue,3539,2789,2077,1950,4095
Blue,3541,2790,2075,1952,4095
Blue,3541,2789,2076,1953,4095
Blue,3542,2789,2077,1949,4095
Blue,3542,2788,2073,1950,4095
Blue,3542,2788,2076,1950,4095
Blue,3542,2788,2074,1950,4095
Blue,3542,2789,2075,1950,4095
Blue,3542,2787,2075,1949,4095
Blue,3541,2788,2074,1948,4095
Blue,3542,2790,2076,1947,4095
Blue,3543,2788,2074,1951,4095
Blue,3542,2789,2076,1956,4095
Blue,3543,2790,2075,1950,4095
Blue,3544,2790,2075,1949,4095
Blue,3542,2791,2075,1948,4095
Blue,3547,2793,2075,1949,4095
Blue,3547,2789,2075,1951,4095
Blue,3546,2791,2076,1949,4095
Blue,3544,2789,2075,1950,4095
Blue,3544,2788,2078,1953,4095
Blue,3545,2790,2076,1950,4095
Blue,3546,2792,2077,1950,4095
Blue,3547,2791,2076,1949,4095
Blue,3546,2789,2075,1949,4095
Blue,3546,2791,2076,1950,4095
Blue,3543,2790,2075,1949,4095
Blue,3547,2789,2076,1954,4095
Blue,3547,2790,2076,1949,4095
Blue,3551,2791,2076,1950,4095
Blue,3546,2789,2076,1950,4095
Blue,3547,2790,2075,1949,4095
Blue,3547,2792,2076,1953,4095
Blue,3548,2792,2074,1951,4095
Blue,3547,2790,2076,1949,4095
Blue,3547,2791,2076,1950,4095
Blue,3549,2792,2076,1949,4095
Blue,3546,2792,2076,1949,4095
Blue,3547,2790,2075,1948,4095
Blue,3546,2789,2076,1951,4095
Blue,3546,2790,2076,1950,4095
Blue,3547,2789,2075,1949,4095
Blue,3546,2791,2076,1949,4095
Blue,3546,2792,2075,1951,4095
Blue,3546,2788,2077,1944,4095
Blue,3547,2789,2075,1949,4095
Blue,3547,2791,2077,1948,4095
Blue,3548,2790,2075,1949,4095
Blue,3547,2787,2077,1949,4095
Blue,3546,2791,2076,1949,4095
Blue,3552,2790,2076,1948,4095
Blue,3550,2790,2075,1948,4095
Blue,3548,2790,2074,1949,4095
Blue,3549,2790,2078,1952,4095
Blue,3547,2790,2075,1954,4095
Blue,3548,2791,2081,1951,4095
Blue,3547,2791,2075,1951,4095
Blue,3547,2791,2076,1951,4095
Blue,3548,2789,2075,1950,4095
Blue,3551,2790,2076,1950,4095
Blue,3549,2790,2075,1951,4095
Blue,3546,2790,2075,1951,4095
Blue,3547,2790,2076,1948,4095
Blue,3548,2791,2075,1950,4095
Blue,3549,2791,2076,1947,4095
Blue,3548,2790,2076,1949,4095
Blue,3548,2789,2074,1950,4095
Blue,3550,2789,2076,1950,4095
Blue,3547,2795,2076,1949,4095
Blue,3549,2790,2076,1950,4095
Blue,3547,2789,2076,1953,4095
Blue,3548,2791,2075,1950,4095
Blue,3548,2791,2076,1948,4095
Blue,3547,2789,2076,1948,4095
Blue,3547,2791,2077,1946,4095
Blue,3547,2790,2077,1950,4095
Blue,3546,2789,2074,1950,4095
Blue,3548,2789,2076,1950,4095
Blue,3551,2788,2075,1949,4095
Blue,3545,2790,2076,1950,4095
Blue,3547,2790,2078,1949,4095
Blue,3547,2792,2076,1950,4095
Blue,3549,2791,2077,1950,4095
Blue,3547,2789,2075,1952,4095
Blue,3545,2790,2078,1951,4095
Blue,3549,2791,2077,1951,4095
Blue,3548,2790,2075,1949,4095
Blue,3547,2789,2074,1950,4095
Blue,3549,2792,2078,1952,4095
Blue,3548,2790,2078,1952,4095
Blue,3547,2791,2077,1950,4095
Blue,3548,2795,2075,1951,4095
Blue,3550,2790,2077,1951,4095
Blue,3546,2789,2076,1951,4095
Blue,3547,2788,2077,1951,4095
Blue,3548,2791,2077,1951,4095
Blue,3547,2791,2076,1952,4095
Blue,3548,2792,2075,1949,4095
Blue,3548,2791,2075,1952,4095
